template_id,signal_ts,side,entry_price,stop_price,take_profit_price,dbg_breakout_level,dbg_mother_high,dbg_mother_low,dbg_mother_range,dbg_trigger_ts,dbg_inside_ts,dbg_mother_ts,dbg_valid_from_ts_utc,dbg_valid_to_ts_utc,exit_ts,exit_reason
ib_tpl_9108,2025-07-29 18:30:00+00:00,BUY,104.9123,104.6,105.53690000000002,104.9123,104.9123,104.6,0.3123000000000075,2025-07-29 18:30:00+00:00,2025-07-29 18:25:00+00:00,2025-07-29 18:20:00+00:00,2025-07-29 18:35:00+00:00,2025-07-29 19:00:00+00:00,2025-07-29 19:00:00+00:00,session_end
ib_tpl_9182,2025-07-30 18:10:00+00:00,BUY,106.83,106.43,107.63,106.83,106.83,106.23,0.5999999999999943,2025-07-30 18:10:00+00:00,2025-07-30 18:05:00+00:00,2025-07-30 18:00:00+00:00,2025-07-30 18:15:00+00:00,2025-07-30 19:00:00+00:00,2025-07-30 19:00:00+00:00,session_end
ib_tpl_9207,2025-07-31 13:45:00+00:00,BUY,104.55,104.15,105.35,104.55,104.55,101.07,3.480000000000004,2025-07-31 13:45:00+00:00,2025-07-31 13:35:00+00:00,2025-07-31 13:30:00+00:00,2025-07-31 13:50:00+00:00,2025-07-31 15:00:00+00:00,2025-07-31 15:00:00+00:00,session_end
ib_tpl_9292,2025-08-01 14:20:00+00:00,BUY,97.8,97.4,98.6,97.8,97.8,93.92,3.879999999999996,2025-08-01 14:20:00+00:00,2025-08-01 13:35:00+00:00,2025-08-01 13:30:00+00:00,2025-08-01 14:25:00+00:00,2025-08-01 15:00:00+00:00,2025-08-01 15:00:00+00:00,session_end
ib_tpl_9345,2025-08-01 18:45:00+00:00,SELL,100.5,100.9,99.7,100.5,101.11,100.5,0.6099999999999994,2025-08-01 18:45:00+00:00,2025-08-01 18:35:00+00:00,2025-08-01 18:30:00+00:00,2025-08-01 18:50:00+00:00,2025-08-01 19:00:00+00:00,2025-08-01 19:00:00+00:00,session_end
ib_tpl_9367,2025-08-04 14:05:00+00:00,BUY,101.27,100.87,102.07,101.27,101.27,97.1532,4.116799999999998,2025-08-04 14:05:00+00:00,2025-08-04 13:35:00+00:00,2025-08-04 13:30:00+00:00,2025-08-04 14:10:00+00:00,2025-08-04 15:00:00+00:00,2025-08-04 15:00:00+00:00,session_end
ib_tpl_9445,2025-08-05 14:05:00+00:00,BUY,106.3565,105.9565,107.1565,106.3565,106.3565,104.7,1.656499999999994,2025-08-05 14:05:00+00:00,2025-08-05 13:35:00+00:00,2025-08-05 13:30:00+00:00,2025-08-05 14:10:00+00:00,2025-08-05 15:00:00+00:00,2025-08-05 15:00:00+00:00,session_end
ib_tpl_9497,2025-08-05 18:25:00+00:00,SELL,104.61,105.01,103.81,104.61,105.12,104.61,0.5100000000000051,2025-08-05 18:25:00+00:00,2025-08-05 18:10:00+00:00,2025-08-05 18:05:00+00:00,2025-08-05 18:30:00+00:00,2025-08-05 19:00:00+00:00,2025-08-05 19:00:00+00:00,session_end
ib_tpl_9521,2025-08-06 13:55:00+00:00,BUY,104.5,104.1,105.3,104.5,104.5,102.8712,1.6287999999999982,2025-08-06 13:55:00+00:00,2025-08-06 13:40:00+00:00,2025-08-06 13:35:00+00:00,2025-08-06 14:00:00+00:00,2025-08-06 15:00:00+00:00,2025-08-06 15:00:00+00:00,session_end
ib_tpl_9573,2025-08-06 18:15:00+00:00,SELL,104.29,104.69,103.49,104.29,104.73,104.29,0.4399999999999977,2025-08-06 18:15:00+00:00,2025-08-06 18:10:00+00:00,2025-08-06 18:05:00+00:00,2025-08-06 18:20:00+00:00,2025-08-06 19:00:00+00:00,2025-08-06 19:00:00+00:00,session_end
ib_tpl_9598,2025-08-07 13:50:00+00:00,BUY,109.9999,109.5999,110.7999,109.9999,109.9999,107.4,2.599899999999991,2025-08-07 13:50:00+00:00,2025-08-07 13:35:00+00:00,2025-08-07 13:30:00+00:00,2025-08-07 13:55:00+00:00,2025-08-07 15:00:00+00:00,2025-08-07 15:00:00+00:00,session_end
ib_tpl_9653,2025-08-07 18:25:00+00:00,BUY,109.18,108.78,109.98,109.18,109.18,108.58,0.6000000000000085,2025-08-07 18:25:00+00:00,2025-08-07 18:20:00+00:00,2025-08-07 18:15:00+00:00,2025-08-07 18:30:00+00:00,2025-08-07 19:00:00+00:00,2025-08-07 19:00:00+00:00,session_end
ib_tpl_9675,2025-08-08 13:45:00+00:00,BUY,113.3,112.9,114.1,113.3,113.3,111.49,1.8100000000000025,2025-08-08 13:45:00+00:00,2025-08-08 13:40:00+00:00,2025-08-08 13:35:00+00:00,2025-08-08 13:50:00+00:00,2025-08-08 15:00:00+00:00,2025-08-08 15:00:00+00:00,session_end
ib_tpl_9754,2025-08-11 13:50:00+00:00,SELL,114.65,115.05,113.85,114.65,116.773,114.65,2.1229999999999905,2025-08-11 13:50:00+00:00,2025-08-11 13:40:00+00:00,2025-08-11 13:35:00+00:00,2025-08-11 13:55:00+00:00,2025-08-11 15:00:00+00:00,2025-08-11 15:00:00+00:00,session_end
ib_tpl_9832,2025-08-12 13:50:00+00:00,SELL,116.46,116.86,115.66,116.46,117.7,116.46,1.240000000000009,2025-08-12 13:50:00+00:00,2025-08-12 13:45:00+00:00,2025-08-12 13:40:00+00:00,2025-08-12 13:55:00+00:00,2025-08-12 15:00:00+00:00,2025-08-12 15:00:00+00:00,session_end
ib_tpl_9886,2025-08-12 18:20:00+00:00,SELL,114.29,114.69,113.49,114.29,114.705,114.29,0.414999999999992,2025-08-12 18:20:00+00:00,2025-08-12 18:15:00+00:00,2025-08-12 18:10:00+00:00,2025-08-12 18:25:00+00:00,2025-08-12 19:00:00+00:00,2025-08-12 19:00:00+00:00,session_end
ib_tpl_9910,2025-08-13 13:50:00+00:00,SELL,114.31,114.71,113.51,114.31,116.4,114.31,2.0900000000000034,2025-08-13 13:50:00+00:00,2025-08-13 13:35:00+00:00,2025-08-13 13:30:00+00:00,2025-08-13 13:55:00+00:00,2025-08-13 15:00:00+00:00,2025-08-13 15:00:00+00:00,session_end
ib_tpl_9991,2025-08-14 14:05:00+00:00,BUY,108.98,108.58,109.78,108.98,108.98,107.8506,1.129400000000004,2025-08-14 14:05:00+00:00,2025-08-14 13:55:00+00:00,2025-08-14 13:50:00+00:00,2025-08-14 14:10:00+00:00,2025-08-14 15:00:00+00:00,2025-08-14 15:00:00+00:00,session_end
ib_tpl_10045,2025-08-14 18:35:00+00:00,BUY,109.6312,109.2527,110.3882,109.6312,109.6312,109.2527,0.3785000000000025,2025-08-14 18:35:00+00:00,2025-08-14 18:15:00+00:00,2025-08-14 18:10:00+00:00,2025-08-14 18:40:00+00:00,2025-08-14 19:00:00+00:00,2025-08-14 19:00:00+00:00,session_end
ib_tpl_10071,2025-08-15 14:15:00+00:00,BUY,112.75,112.35,113.55,112.75,112.75,110.07,2.680000000000007,2025-08-15 14:15:00+00:00,2025-08-15 13:40:00+00:00,2025-08-15 13:35:00+00:00,2025-08-15 14:20:00+00:00,2025-08-15 15:00:00+00:00,2025-08-15 15:00:00+00:00,session_end
ib_tpl_10157,2025-08-18 14:55:00+00:00,BUY,112.17,111.77,112.97,112.17,112.17,111.38,0.7900000000000063,2025-08-18 14:55:00+00:00,2025-08-18 14:35:00+00:00,2025-08-18 14:30:00+00:00,,,2025-08-18 15:00:00+00:00,session_end
ib_tpl_10306,2025-08-20 14:20:00+00:00,BUY,101.65,101.25,102.45,101.65,101.65,100.08,1.5700000000000074,2025-08-20 14:20:00+00:00,2025-08-20 14:10:00+00:00,2025-08-20 14:05:00+00:00,2025-08-20 14:25:00+00:00,2025-08-20 15:00:00+00:00,2025-08-20 15:00:00+00:00,session_end
ib_tpl_10358,2025-08-20 18:40:00+00:00,BUY,103.45,103.05,104.25,103.45,103.45,102.92,0.5300000000000011,2025-08-20 18:40:00+00:00,2025-08-20 18:35:00+00:00,2025-08-20 18:30:00+00:00,2025-08-20 18:45:00+00:00,2025-08-20 19:00:00+00:00,2025-08-20 19:00:00+00:00,session_end
ib_tpl_10385,2025-08-21 14:25:00+00:00,BUY,106.7999,106.3999,107.5999,106.7999,106.7999,106.04,0.7598999999999876,2025-08-21 14:25:00+00:00,2025-08-21 14:20:00+00:00,2025-08-21 14:15:00+00:00,2025-08-21 14:30:00+00:00,2025-08-21 15:00:00+00:00,2025-08-21 15:00:00+00:00,session_end
ib_tpl_10458,2025-08-22 14:00:00+00:00,BUY,105.77,105.37,106.57,105.77,105.77,103.8,1.9699999999999989,2025-08-22 14:00:00+00:00,2025-08-22 13:35:00+00:00,2025-08-22 13:30:00+00:00,2025-08-22 14:05:00+00:00,2025-08-22 15:00:00+00:00,2025-08-22 15:00:00+00:00,session_end
ib_tpl_10509,2025-08-22 18:15:00+00:00,SELL,109.895,110.11,109.465,109.895,110.11,109.895,0.2150000000000034,2025-08-22 18:15:00+00:00,2025-08-22 18:10:00+00:00,2025-08-22 18:05:00+00:00,2025-08-22 18:20:00+00:00,2025-08-22 19:00:00+00:00,2025-08-22 19:00:00+00:00,session_end
ib_tpl_10534,2025-08-25 13:50:00+00:00,SELL,106.75,107.15,105.95,106.75,109.12,106.75,2.3700000000000045,2025-08-25 13:50:00+00:00,2025-08-25 13:35:00+00:00,2025-08-25 13:30:00+00:00,2025-08-25 13:55:00+00:00,2025-08-25 15:00:00+00:00,2025-08-25 15:00:00+00:00,session_end
ib_tpl_10613,2025-08-26 13:55:00+00:00,BUY,106.37,105.97,107.17,106.37,106.37,105.12,1.25,2025-08-26 13:55:00+00:00,2025-08-26 13:50:00+00:00,2025-08-26 13:45:00+00:00,2025-08-26 14:00:00+00:00,2025-08-26 15:00:00+00:00,2025-08-26 15:00:00+00:00,session_end
ib_tpl_10664,2025-08-26 18:10:00+00:00,BUY,107.35,107.095,107.86,107.35,107.35,107.095,0.2549999999999954,2025-08-26 18:10:00+00:00,2025-08-26 18:05:00+00:00,2025-08-26 18:00:00+00:00,2025-08-26 18:15:00+00:00,2025-08-26 19:00:00+00:00,2025-08-26 19:00:00+00:00,session_end
ib_tpl_10769,2025-08-28 13:55:00+00:00,SELL,103.68,104.08,102.88,103.68,105.3999,103.68,1.7198999999999955,2025-08-28 13:55:00+00:00,2025-08-28 13:35:00+00:00,2025-08-28 13:30:00+00:00,2025-08-28 14:00:00+00:00,2025-08-28 15:00:00+00:00,2025-08-28 15:00:00+00:00,session_end
ib_tpl_10825,2025-08-28 18:35:00+00:00,SELL,103.435,103.75,102.805,103.435,103.75,103.435,0.3149999999999977,2025-08-28 18:35:00+00:00,2025-08-28 18:10:00+00:00,2025-08-28 18:05:00+00:00,2025-08-28 18:40:00+00:00,2025-08-28 19:00:00+00:00,2025-08-28 19:00:00+00:00,session_end
ib_tpl_10849,2025-08-29 14:05:00+00:00,SELL,102.98,103.38,102.18,102.98,104.11,102.98,1.1299999999999957,2025-08-29 14:05:00+00:00,2025-08-29 13:55:00+00:00,2025-08-29 13:50:00+00:00,2025-08-29 14:10:00+00:00,2025-08-29 15:00:00+00:00,2025-08-29 15:00:00+00:00,session_end
ib_tpl_10923,2025-09-02 13:45:00+00:00,BUY,100.56,100.16,101.36,100.56,100.56,97.9,2.6599999999999966,2025-09-02 13:45:00+00:00,2025-09-02 13:35:00+00:00,2025-09-02 13:30:00+00:00,2025-09-02 13:50:00+00:00,2025-09-02 15:00:00+00:00,2025-09-02 15:00:00+00:00,session_end
ib_tpl_10980,2025-09-02 18:30:00+00:00,BUY,100.95,100.61,101.63,100.95,100.95,100.61,0.3400000000000034,2025-09-02 18:30:00+00:00,2025-09-02 18:25:00+00:00,2025-09-02 18:20:00+00:00,2025-09-02 18:35:00+00:00,2025-09-02 19:00:00+00:00,2025-09-02 19:00:00+00:00,session_end
ib_tpl_11004,2025-09-03 14:00:00+00:00,BUY,101.071,100.671,101.871,101.071,101.071,100.29,0.7809999999999917,2025-09-03 14:00:00+00:00,2025-09-03 13:50:00+00:00,2025-09-03 13:45:00+00:00,2025-09-03 14:05:00+00:00,2025-09-03 15:00:00+00:00,2025-09-03 15:00:00+00:00,session_end
ib_tpl_11082,2025-09-04 14:00:00+00:00,BUY,102.5,102.1,103.3,102.5,102.5,100.6,1.9000000000000057,2025-09-04 14:00:00+00:00,2025-09-04 13:35:00+00:00,2025-09-04 13:30:00+00:00,2025-09-04 14:05:00+00:00,2025-09-04 15:00:00+00:00,2025-09-04 15:00:00+00:00,session_end
ib_tpl_11135,2025-09-04 18:25:00+00:00,SELL,103.93,104.33,103.13,103.93,104.61,103.93,0.6799999999999926,2025-09-04 18:25:00+00:00,2025-09-04 18:10:00+00:00,2025-09-04 18:05:00+00:00,2025-09-04 18:30:00+00:00,2025-09-04 19:00:00+00:00,2025-09-04 19:00:00+00:00,session_end
ib_tpl_11213,2025-09-05 18:25:00+00:00,BUY,100.079,99.81,100.61699999999998,100.079,100.079,99.81,0.2689999999999912,2025-09-05 18:25:00+00:00,2025-09-05 18:20:00+00:00,2025-09-05 18:15:00+00:00,2025-09-05 18:30:00+00:00,2025-09-05 19:00:00+00:00,2025-09-05 19:00:00+00:00,session_end
ib_tpl_11235,2025-09-08 13:45:00+00:00,BUY,113.52,113.12,114.32,113.52,113.52,112.23,1.289999999999992,2025-09-08 13:45:00+00:00,2025-09-08 13:40:00+00:00,2025-09-08 13:35:00+00:00,2025-09-08 13:50:00+00:00,2025-09-08 15:00:00+00:00,2025-09-08 15:00:00+00:00,session_end
ib_tpl_11295,2025-09-08 18:45:00+00:00,BUY,116.04,115.64,116.84,116.04,116.04,115.51,0.5300000000000011,2025-09-08 18:45:00+00:00,2025-09-08 18:40:00+00:00,2025-09-08 18:35:00+00:00,2025-09-08 18:50:00+00:00,2025-09-08 19:00:00+00:00,2025-09-08 19:00:00+00:00,session_end
ib_tpl_11313,2025-09-09 13:45:00+00:00,SELL,115.7,116.1,114.9,115.7,117.66,115.7,1.9599999999999935,2025-09-09 13:45:00+00:00,2025-09-09 13:35:00+00:00,2025-09-09 13:30:00+00:00,2025-09-09 13:50:00+00:00,2025-09-09 15:00:00+00:00,2025-09-09 15:00:00+00:00,session_end
ib_tpl_11372,2025-09-09 18:40:00+00:00,BUY,116.09,115.83,116.61,116.09,116.09,115.83,0.2600000000000051,2025-09-09 18:40:00+00:00,2025-09-09 18:35:00+00:00,2025-09-09 18:30:00+00:00,2025-09-09 18:45:00+00:00,2025-09-09 19:00:00+00:00,2025-09-09 19:00:00+00:00,session_end
ib_tpl_11402,2025-09-10 14:40:00+00:00,BUY,123.0,122.6,123.8,123.0,123.0,121.9,1.0999999999999943,2025-09-10 14:40:00+00:00,2025-09-10 14:35:00+00:00,2025-09-10 14:30:00+00:00,2025-09-10 14:45:00+00:00,2025-09-10 15:00:00+00:00,2025-09-10 15:00:00+00:00,session_end
ib_tpl_11450,2025-09-10 18:40:00+00:00,SELL,117.93,118.33,117.13,117.93,118.465,117.93,0.5349999999999966,2025-09-10 18:40:00+00:00,2025-09-10 18:30:00+00:00,2025-09-10 18:25:00+00:00,2025-09-10 18:45:00+00:00,2025-09-10 19:00:00+00:00,2025-09-10 19:00:00+00:00,session_end
ib_tpl_11469,2025-09-11 13:45:00+00:00,BUY,119.07,118.67,119.87,119.07,119.07,117.3701,1.6998999999999995,2025-09-11 13:45:00+00:00,2025-09-11 13:35:00+00:00,2025-09-11 13:30:00+00:00,2025-09-11 13:50:00+00:00,2025-09-11 15:00:00+00:00,2025-09-11 15:00:00+00:00,session_end
ib_tpl_11602,2025-09-12 18:20:00+00:00,BUY,115.65,115.38,116.19000000000004,115.65,115.65,115.38,0.2700000000000102,2025-09-12 18:20:00+00:00,2025-09-12 18:10:00+00:00,2025-09-12 18:05:00+00:00,2025-09-12 18:25:00+00:00,2025-09-12 19:00:00+00:00,2025-09-12 19:00:00+00:00,session_end
ib_tpl_11631,2025-09-15 14:15:00+00:00,SELL,114.4,114.8,113.6,114.4,114.93,114.4,0.5300000000000011,2025-09-15 14:15:00+00:00,2025-09-15 14:10:00+00:00,2025-09-15 14:05:00+00:00,2025-09-15 14:20:00+00:00,2025-09-15 15:00:00+00:00,2025-09-15 15:00:00+00:00,session_end
ib_tpl_11684,2025-09-15 18:40:00+00:00,SELL,114.6,115.0,113.8,114.6,115.0,114.6,0.4000000000000057,2025-09-15 18:40:00+00:00,2025-09-15 18:35:00+00:00,2025-09-15 18:30:00+00:00,2025-09-15 18:45:00+00:00,2025-09-15 19:00:00+00:00,2025-09-15 19:00:00+00:00,session_end
ib_tpl_11702,2025-09-16 13:40:00+00:00,SELL,115.02,115.42,114.22,115.02,116.1,115.02,1.0799999999999983,2025-09-16 13:40:00+00:00,2025-09-16 13:35:00+00:00,2025-09-16 13:30:00+00:00,2025-09-16 13:45:00+00:00,2025-09-16 15:00:00+00:00,2025-09-16 15:00:00+00:00,session_end
ib_tpl_11789,2025-09-17 14:25:00+00:00,SELL,117.32,117.72,116.52,117.32,118.28,117.32,0.960000000000008,2025-09-17 14:25:00+00:00,2025-09-17 14:05:00+00:00,2025-09-17 14:00:00+00:00,2025-09-17 14:30:00+00:00,2025-09-17 15:00:00+00:00,2025-09-17 15:00:00+00:00,session_end
ib_tpl_11843,2025-09-17 18:55:00+00:00,BUY,117.38,116.98,118.18,117.38,117.38,114.89,2.489999999999995,2025-09-17 18:55:00+00:00,2025-09-17 18:15:00+00:00,2025-09-17 18:10:00+00:00,,,2025-09-17 19:00:00+00:00,session_end
ib_tpl_11915,2025-09-18 18:25:00+00:00,SELL,122.66,123.055,121.86999999999998,122.66,123.055,122.66,0.3950000000000102,2025-09-18 18:25:00+00:00,2025-09-18 18:15:00+00:00,2025-09-18 18:10:00+00:00,2025-09-18 18:30:00+00:00,2025-09-18 19:00:00+00:00,2025-09-18 19:00:00+00:00,session_end
ib_tpl_11938,2025-09-19 13:50:00+00:00,BUY,122.975,122.575,123.775,122.975,122.975,121.0,1.9749999999999943,2025-09-19 13:50:00+00:00,2025-09-19 13:35:00+00:00,2025-09-19 13:30:00+00:00,2025-09-19 13:55:00+00:00,2025-09-19 15:00:00+00:00,2025-09-19 15:00:00+00:00,session_end
ib_tpl_12077,2025-09-22 18:55:00+00:00,BUY,124.57,124.35,125.01,124.57,124.57,124.35,0.2199999999999988,2025-09-22 18:55:00+00:00,2025-09-22 18:50:00+00:00,2025-09-22 18:45:00+00:00,,,2025-09-22 19:00:00+00:00,session_end
ib_tpl_12150,2025-09-23 18:30:00+00:00,BUY,126.07,125.67,126.87,126.07,126.07,125.44,0.6299999999999955,2025-09-23 18:30:00+00:00,2025-09-23 18:20:00+00:00,2025-09-23 18:15:00+00:00,2025-09-23 18:35:00+00:00,2025-09-23 19:00:00+00:00,2025-09-23 19:00:00+00:00,session_end
ib_tpl_12171,2025-09-24 13:45:00+00:00,SELL,127.35,127.75,126.55,127.35,128.69,127.35,1.3400000000000034,2025-09-24 13:45:00+00:00,2025-09-24 13:35:00+00:00,2025-09-24 13:30:00+00:00,2025-09-24 13:50:00+00:00,2025-09-24 15:00:00+00:00,2025-09-24 15:00:00+00:00,session_end
ib_tpl_12227,2025-09-24 18:25:00+00:00,SELL,126.92,127.24,126.28000000000002,126.92,127.24,126.92,0.3199999999999932,2025-09-24 18:25:00+00:00,2025-09-24 18:20:00+00:00,2025-09-24 18:15:00+00:00,2025-09-24 18:30:00+00:00,2025-09-24 19:00:00+00:00,2025-09-24 19:00:00+00:00,session_end
ib_tpl_12254,2025-09-25 14:10:00+00:00,BUY,122.98,122.58,123.78,122.98,122.98,121.95,1.0300000000000011,2025-09-25 14:10:00+00:00,2025-09-25 13:55:00+00:00,2025-09-25 13:50:00+00:00,2025-09-25 14:15:00+00:00,2025-09-25 15:00:00+00:00,2025-09-25 15:00:00+00:00,session_end
ib_tpl_12311,2025-09-25 18:55:00+00:00,BUY,122.575,122.19,123.345,122.575,122.575,122.19,0.3850000000000051,2025-09-25 18:55:00+00:00,2025-09-25 18:50:00+00:00,2025-09-25 18:45:00+00:00,,,2025-09-25 19:00:00+00:00,session_end
ib_tpl_12334,2025-09-26 14:20:00+00:00,SELL,121.7161,122.1161,120.9161,121.7161,122.66,121.7161,0.9438999999999992,2025-09-26 14:20:00+00:00,2025-09-26 14:10:00+00:00,2025-09-26 14:05:00+00:00,2025-09-26 14:25:00+00:00,2025-09-26 15:00:00+00:00,2025-09-26 15:00:00+00:00,session_end
ib_tpl_12412,2025-09-29 14:20:00+00:00,BUY,129.7,129.29999999999998,130.5,129.7,129.7,128.76,0.9399999999999976,2025-09-29 14:20:00+00:00,2025-09-29 14:10:00+00:00,2025-09-29 14:05:00+00:00,2025-09-29 14:25:00+00:00,2025-09-29 15:00:00+00:00,2025-09-29 15:00:00+00:00,session_end
ib_tpl_12486,2025-09-30 14:00:00+00:00,SELL,139.46,139.86,138.66,139.46,141.8,139.46,2.3400000000000034,2025-09-30 14:00:00+00:00,2025-09-30 13:55:00+00:00,2025-09-30 13:50:00+00:00,2025-09-30 14:05:00+00:00,2025-09-30 15:00:00+00:00,2025-09-30 15:00:00+00:00,session_end
ib_tpl_12538,2025-09-30 18:20:00+00:00,BUY,139.73,139.4201,140.3498,139.73,139.73,139.4201,0.3098999999999989,2025-09-30 18:20:00+00:00,2025-09-30 18:10:00+00:00,2025-09-30 18:05:00+00:00,2025-09-30 18:25:00+00:00,2025-09-30 19:00:00+00:00,2025-09-30 19:00:00+00:00,session_end
ib_tpl_12651,2025-10-02 14:45:00+00:00,SELL,143.6169,144.0169,142.81689999999998,143.6169,145.1,143.6169,1.4831000000000074,2025-10-02 14:45:00+00:00,2025-10-02 14:40:00+00:00,2025-10-02 14:35:00+00:00,2025-10-02 14:50:00+00:00,2025-10-02 15:00:00+00:00,2025-10-02 15:00:00+00:00,session_end
ib_tpl_12696,2025-10-02 18:30:00+00:00,SELL,144.56,144.96,143.76,144.56,144.975,144.56,0.414999999999992,2025-10-02 18:30:00+00:00,2025-10-02 18:15:00+00:00,2025-10-02 18:10:00+00:00,2025-10-02 18:35:00+00:00,2025-10-02 19:00:00+00:00,2025-10-02 19:00:00+00:00,session_end
ib_tpl_12718,2025-10-03 13:50:00+00:00,SELL,147.28,147.68,146.48,147.28,148.74,147.28,1.460000000000008,2025-10-03 13:50:00+00:00,2025-10-03 13:40:00+00:00,2025-10-03 13:35:00+00:00,2025-10-03 13:55:00+00:00,2025-10-03 15:00:00+00:00,2025-10-03 15:00:00+00:00,session_end
ib_tpl_12798,2025-10-06 14:00:00+00:00,BUY,148.36,147.96,149.16000000000005,148.36,148.36,146.85,1.510000000000019,2025-10-06 14:00:00+00:00,2025-10-06 13:50:00+00:00,2025-10-06 13:45:00+00:00,2025-10-06 14:05:00+00:00,2025-10-06 15:00:00+00:00,2025-10-06 15:00:00+00:00,session_end
ib_tpl_12927,2025-10-07 18:15:00+00:00,SELL,144.33,144.73000000000002,143.53,144.33,144.92,144.33,0.589999999999975,2025-10-07 18:15:00+00:00,2025-10-07 18:05:00+00:00,2025-10-07 18:00:00+00:00,2025-10-07 18:20:00+00:00,2025-10-07 19:00:00+00:00,2025-10-07 19:00:00+00:00,session_end
ib_tpl_12951,2025-10-08 13:45:00+00:00,SELL,145.54,145.94,144.73999999999998,145.54,147.64,145.54,2.0999999999999943,2025-10-08 13:45:00+00:00,2025-10-08 13:35:00+00:00,2025-10-08 13:30:00+00:00,2025-10-08 13:50:00+00:00,2025-10-08 15:00:00+00:00,2025-10-08 15:00:00+00:00,session_end
ib_tpl_13034,2025-10-09 14:10:00+00:00,BUY,149.23,148.82999999999998,150.03,149.23,149.23,147.64,1.5900000000000034,2025-10-09 14:10:00+00:00,2025-10-09 13:50:00+00:00,2025-10-09 13:45:00+00:00,2025-10-09 14:15:00+00:00,2025-10-09 15:00:00+00:00,2025-10-09 15:00:00+00:00,session_end
ib_tpl_13113,2025-10-10 14:15:00+00:00,SELL,151.1201,151.5201,150.3201,151.1201,153.5597,151.1201,2.4395999999999844,2025-10-10 14:15:00+00:00,2025-10-10 13:35:00+00:00,2025-10-10 13:30:00+00:00,2025-10-10 14:20:00+00:00,2025-10-10 15:00:00+00:00,2025-10-10 15:00:00+00:00,session_end
ib_tpl_13168,2025-10-10 18:50:00+00:00,SELL,143.0801,143.4801,142.28009999999998,143.0801,143.74,143.0801,0.6599000000000217,2025-10-10 18:50:00+00:00,2025-10-10 18:30:00+00:00,2025-10-10 18:25:00+00:00,2025-10-10 18:55:00+00:00,2025-10-10 19:00:00+00:00,2025-10-10 19:00:00+00:00,session_end
ib_tpl_13238,2025-10-13 18:10:00+00:00,SELL,140.32,140.72,139.51999999999998,140.32,141.09,140.32,0.7700000000000102,2025-10-13 18:10:00+00:00,2025-10-13 18:05:00+00:00,2025-10-13 18:00:00+00:00,2025-10-13 18:15:00+00:00,2025-10-13 19:00:00+00:00,2025-10-13 19:00:00+00:00,session_end
ib_tpl_13266,2025-10-14 14:00:00+00:00,BUY,135.3,134.9,136.10000000000002,135.3,135.3,133.49,1.8100000000000025,2025-10-14 14:00:00+00:00,2025-10-14 13:40:00+00:00,2025-10-14 13:35:00+00:00,2025-10-14 14:05:00+00:00,2025-10-14 15:00:00+00:00,2025-10-14 15:00:00+00:00,session_end
ib_tpl_13320,2025-10-14 18:30:00+00:00,SELL,139.2,139.6,138.39999999999998,139.2,140.415,139.2,1.2150000000000034,2025-10-14 18:30:00+00:00,2025-10-14 18:05:00+00:00,2025-10-14 18:00:00+00:00,2025-10-14 18:35:00+00:00,2025-10-14 19:00:00+00:00,2025-10-14 19:00:00+00:00,session_end
ib_tpl_13402,2025-10-15 18:50:00+00:00,BUY,134.55,134.15,135.35000000000002,134.55,134.55,134.06,0.4900000000000091,2025-10-15 18:50:00+00:00,2025-10-15 18:35:00+00:00,2025-10-15 18:30:00+00:00,2025-10-15 18:55:00+00:00,2025-10-15 19:00:00+00:00,2025-10-15 19:00:00+00:00,session_end
ib_tpl_13432,2025-10-16 14:50:00+00:00,BUY,136.3999,135.9999,137.1999,136.3999,136.3999,135.34,1.059899999999999,2025-10-16 14:50:00+00:00,2025-10-16 14:45:00+00:00,2025-10-16 14:40:00+00:00,2025-10-16 14:55:00+00:00,2025-10-16 15:00:00+00:00,2025-10-16 15:00:00+00:00,session_end
ib_tpl_13476,2025-10-16 18:30:00+00:00,SELL,131.3975,131.7975,130.5975,131.3975,132.6,131.3975,1.2024999999999864,2025-10-16 18:30:00+00:00,2025-10-16 18:25:00+00:00,2025-10-16 18:20:00+00:00,2025-10-16 18:35:00+00:00,2025-10-16 19:00:00+00:00,2025-10-16 19:00:00+00:00,session_end
ib_tpl_13506,2025-10-17 14:30:00+00:00,SELL,129.0408,129.4408,128.24079999999998,129.0408,130.47,129.0408,1.429200000000009,2025-10-17 14:30:00+00:00,2025-10-17 14:00:00+00:00,2025-10-17 13:55:00+00:00,2025-10-17 14:35:00+00:00,2025-10-17 15:00:00+00:00,2025-10-17 15:00:00+00:00,session_end
ib_tpl_13554,2025-10-17 18:30:00+00:00,BUY,130.6199,130.25,131.3597,130.6199,130.6199,130.25,0.3699000000000012,2025-10-17 18:30:00+00:00,2025-10-17 18:25:00+00:00,2025-10-17 18:20:00+00:00,2025-10-17 18:35:00+00:00,2025-10-17 19:00:00+00:00,2025-10-17 19:00:00+00:00,session_end
ib_tpl_13584,2025-10-20 14:30:00+00:00,BUY,136.76,136.36,137.56,136.76,136.76,135.27,1.489999999999981,2025-10-20 14:30:00+00:00,2025-10-20 14:05:00+00:00,2025-10-20 14:00:00+00:00,2025-10-20 14:35:00+00:00,2025-10-20 15:00:00+00:00,2025-10-20 15:00:00+00:00,session_end
ib_tpl_13652,2025-10-21 13:40:00+00:00,SELL,133.56,133.96,132.76,133.56,135.31,133.56,1.75,2025-10-21 13:40:00+00:00,2025-10-21 13:35:00+00:00,2025-10-21 13:30:00+00:00,2025-10-21 13:45:00+00:00,2025-10-21 15:00:00+00:00,2025-10-21 15:00:00+00:00,session_end
ib_tpl_13711,2025-10-21 18:35:00+00:00,SELL,131.572,131.972,130.772,131.572,132.09,131.572,0.5180000000000007,2025-10-21 18:35:00+00:00,2025-10-21 18:30:00+00:00,2025-10-21 18:25:00+00:00,2025-10-21 18:40:00+00:00,2025-10-21 19:00:00+00:00,2025-10-21 19:00:00+00:00,session_end
ib_tpl_13735,2025-10-22 14:05:00+00:00,SELL,128.52,128.92000000000002,127.72,128.52,129.6099,128.52,1.0899,2025-10-22 14:05:00+00:00,2025-10-22 13:45:00+00:00,2025-10-22 13:40:00+00:00,2025-10-22 14:10:00+00:00,2025-10-22 15:00:00+00:00,2025-10-22 15:00:00+00:00,session_end
ib_tpl_13816,2025-10-23 14:20:00+00:00,BUY,130.2,129.79999999999998,131.0,130.2,130.2,129.21,0.9899999999999808,2025-10-23 14:20:00+00:00,2025-10-23 14:10:00+00:00,2025-10-23 14:05:00+00:00,2025-10-23 14:25:00+00:00,2025-10-23 15:00:00+00:00,2025-10-23 15:00:00+00:00,session_end
ib_tpl_13863,2025-10-23 18:15:00+00:00,BUY,135.41,135.01,136.21,135.41,135.41,134.98,0.4300000000000068,2025-10-23 18:15:00+00:00,2025-10-23 18:05:00+00:00,2025-10-23 18:00:00+00:00,2025-10-23 18:20:00+00:00,2025-10-23 19:00:00+00:00,2025-10-23 19:00:00+00:00,session_end
ib_tpl_13888,2025-10-24 13:50:00+00:00,BUY,141.1491,140.7491,141.94910000000002,141.1491,141.1491,139.84,1.3091000000000008,2025-10-24 13:50:00+00:00,2025-10-24 13:45:00+00:00,2025-10-24 13:40:00+00:00,2025-10-24 13:55:00+00:00,2025-10-24 15:00:00+00:00,2025-10-24 15:00:00+00:00,session_end
ib_tpl_13970,2025-10-27 14:10:00+00:00,SELL,147.3027,147.7027,146.50269999999998,147.3027,148.99,147.3027,1.6873000000000218,2025-10-27 14:10:00+00:00,2025-10-27 13:50:00+00:00,2025-10-27 13:45:00+00:00,2025-10-27 14:15:00+00:00,2025-10-27 15:00:00+00:00,2025-10-27 15:00:00+00:00,session_end
ib_tpl_14178,2025-10-29 18:30:00+00:00,BUY,146.318,145.918,147.11800000000002,146.318,146.318,145.635,0.6830000000000211,2025-10-29 18:30:00+00:00,2025-10-29 18:10:00+00:00,2025-10-29 18:05:00+00:00,2025-10-29 18:35:00+00:00,2025-10-29 19:00:00+00:00,2025-10-29 19:00:00+00:00,session_end
ib_tpl_14200,2025-10-30 13:50:00+00:00,BUY,142.2299,141.82989999999998,143.0299,142.2299,142.2299,138.92,3.309899999999999,2025-10-30 13:50:00+00:00,2025-10-30 13:40:00+00:00,2025-10-30 13:35:00+00:00,2025-10-30 13:55:00+00:00,2025-10-30 15:00:00+00:00,2025-10-30 15:00:00+00:00,session_end
ib_tpl_14279,2025-10-31 13:55:00+00:00,BUY,147.23,146.82999999999998,148.03,147.23,147.23,144.97,2.259999999999991,2025-10-31 13:55:00+00:00,2025-10-31 13:45:00+00:00,2025-10-31 13:40:00+00:00,2025-10-31 14:00:00+00:00,2025-10-31 15:00:00+00:00,2025-10-31 15:00:00+00:00,session_end
ib_tpl_14332,2025-10-31 18:20:00+00:00,BUY,146.85,146.5,147.54999999999998,146.85,146.85,146.5,0.3499999999999943,2025-10-31 18:20:00+00:00,2025-10-31 18:15:00+00:00,2025-10-31 18:10:00+00:00,2025-10-31 18:25:00+00:00,2025-10-31 19:00:00+00:00,2025-10-31 19:00:00+00:00,session_end
ib_tpl_14361,2025-11-03 15:15:00+00:00,SELL,145.16,145.56,144.36,145.16,146.66,145.16,1.5,2025-11-03 15:15:00+00:00,2025-11-03 14:55:00+00:00,2025-11-03 14:50:00+00:00,2025-11-03 15:20:00+00:00,2025-11-03 16:00:00+00:00,2025-11-03 16:00:00+00:00,session_end
ib_tpl_14432,2025-11-04 14:40:00+00:00,BUY,140.74,140.34,141.54000000000002,140.74,140.74,137.01,3.730000000000018,2025-11-04 14:40:00+00:00,2025-11-04 14:35:00+00:00,2025-11-04 14:30:00+00:00,2025-11-04 14:45:00+00:00,2025-11-04 16:00:00+00:00,2025-11-04 16:00:00+00:00,session_end
ib_tpl_14488,2025-11-04 19:20:00+00:00,SELL,140.11,140.51000000000002,139.31,140.11,140.59,140.11,0.4799999999999897,2025-11-04 19:20:00+00:00,2025-11-04 19:15:00+00:00,2025-11-04 19:10:00+00:00,2025-11-04 19:25:00+00:00,2025-11-04 20:00:00+00:00,2025-11-04 20:00:00+00:00,session_end
ib_tpl_14510,2025-11-05 14:40:00+00:00,SELL,136.55,136.95000000000002,135.75,136.55,139.8,136.55,3.25,2025-11-05 14:40:00+00:00,2025-11-05 14:35:00+00:00,2025-11-05 14:30:00+00:00,2025-11-05 14:45:00+00:00,2025-11-05 16:00:00+00:00,2025-11-05 16:00:00+00:00,session_end
ib_tpl_14569,2025-11-05 19:35:00+00:00,BUY,142.63,142.23,143.43,142.63,142.63,142.2,0.4300000000000068,2025-11-05 19:35:00+00:00,2025-11-05 19:30:00+00:00,2025-11-05 19:25:00+00:00,2025-11-05 19:40:00+00:00,2025-11-05 20:00:00+00:00,2025-11-05 20:00:00+00:00,session_end
ib_tpl_14590,2025-11-06 14:50:00+00:00,SELL,134.19,134.59,133.39,134.19,136.6189,134.19,2.4288999999999987,2025-11-06 14:50:00+00:00,2025-11-06 14:45:00+00:00,2025-11-06 14:40:00+00:00,2025-11-06 14:55:00+00:00,2025-11-06 16:00:00+00:00,2025-11-06 16:00:00+00:00,session_end
ib_tpl_14668,2025-11-07 14:50:00+00:00,BUY,123.1525,122.7525,123.9525,123.1525,123.1525,121.0,2.1525000000000034,2025-11-07 14:50:00+00:00,2025-11-07 14:45:00+00:00,2025-11-07 14:40:00+00:00,2025-11-07 14:55:00+00:00,2025-11-07 16:00:00+00:00,2025-11-07 16:00:00+00:00,session_end
ib_tpl_14724,2025-11-07 19:30:00+00:00,BUY,128.1893,127.7893,128.9893,128.1893,128.1893,127.555,0.6342999999999961,2025-11-07 19:30:00+00:00,2025-11-07 19:20:00+00:00,2025-11-07 19:15:00+00:00,2025-11-07 19:35:00+00:00,2025-11-07 20:00:00+00:00,2025-11-07 20:00:00+00:00,session_end
ib_tpl_14758,2025-11-10 15:50:00+00:00,SELL,135.13,135.53,134.32999999999998,135.13,136.57,135.13,1.4399999999999975,2025-11-10 15:50:00+00:00,2025-11-10 14:55:00+00:00,2025-11-10 14:50:00+00:00,2025-11-10 15:55:00+00:00,2025-11-10 16:00:00+00:00,2025-11-10 16:00:00+00:00,session_end
ib_tpl_14806,2025-11-10 19:50:00+00:00,BUY,137.11,136.71,137.91000000000005,137.11,137.11,136.58,0.5300000000000011,2025-11-10 19:50:00+00:00,2025-11-10 19:35:00+00:00,2025-11-10 19:30:00+00:00,2025-11-10 19:55:00+00:00,2025-11-10 20:00:00+00:00,2025-11-10 20:00:00+00:00,session_end
ib_tpl_14831,2025-11-11 15:25:00+00:00,SELL,132.3739,132.7739,131.57389999999998,132.3739,133.02,132.3739,0.6461000000000183,2025-11-11 15:25:00+00:00,2025-11-11 15:20:00+00:00,2025-11-11 15:15:00+00:00,2025-11-11 15:30:00+00:00,2025-11-11 16:00:00+00:00,2025-11-11 16:00:00+00:00,session_end
ib_tpl_14879,2025-11-11 19:25:00+00:00,SELL,132.5644,132.9644,131.7644,132.5644,133.265,132.5644,0.7005999999999801,2025-11-11 19:25:00+00:00,2025-11-11 19:05:00+00:00,2025-11-11 19:00:00+00:00,2025-11-11 19:30:00+00:00,2025-11-11 20:00:00+00:00,2025-11-11 20:00:00+00:00,session_end
ib_tpl_14904,2025-11-12 15:00:00+00:00,BUY,131.15,130.75,131.95000000000002,131.15,131.15,129.42,1.7300000000000182,2025-11-12 15:00:00+00:00,2025-11-12 14:50:00+00:00,2025-11-12 14:45:00+00:00,2025-11-12 15:05:00+00:00,2025-11-12 16:00:00+00:00,2025-11-12 16:00:00+00:00,session_end
ib_tpl_15034,2025-11-13 19:20:00+00:00,BUY,120.8874,120.4874,121.6874,120.8874,120.8874,120.011,0.8764000000000038,2025-11-13 19:20:00+00:00,2025-11-13 19:05:00+00:00,2025-11-13 19:00:00+00:00,2025-11-13 19:25:00+00:00,2025-11-13 20:00:00+00:00,2025-11-13 20:00:00+00:00,session_end
ib_tpl_15065,2025-11-14 15:25:00+00:00,BUY,122.13,121.73,122.93,122.13,122.13,115.2,6.929999999999993,2025-11-14 15:25:00+00:00,2025-11-14 15:05:00+00:00,2025-11-14 15:00:00+00:00,2025-11-14 15:30:00+00:00,2025-11-14 16:00:00+00:00,2025-11-14 16:00:00+00:00,session_end
ib_tpl_15119,2025-11-14 19:55:00+00:00,BUY,125.08,124.68,125.88,125.08,125.08,124.085,0.9950000000000044,2025-11-14 19:55:00+00:00,2025-11-14 19:25:00+00:00,2025-11-14 19:20:00+00:00,,,2025-11-14 20:00:00+00:00,session_end
ib_tpl_15135,2025-11-17 14:45:00+00:00,BUY,119.72,119.32,120.52,119.72,119.72,117.81,1.9099999999999968,2025-11-17 14:45:00+00:00,2025-11-17 14:40:00+00:00,2025-11-17 14:35:00+00:00,2025-11-17 14:50:00+00:00,2025-11-17 16:00:00+00:00,2025-11-17 16:00:00+00:00,session_end
ib_tpl_15189,2025-11-17 19:15:00+00:00,SELL,114.0,114.4,113.2,114.0,115.23,114.0,1.230000000000004,2025-11-17 19:15:00+00:00,2025-11-17 19:05:00+00:00,2025-11-17 19:00:00+00:00,2025-11-17 19:20:00+00:00,2025-11-17 20:00:00+00:00,2025-11-17 20:00:00+00:00,session_end
ib_tpl_15215,2025-11-18 14:55:00+00:00,SELL,113.75,114.15,112.95,113.75,116.0252,113.75,2.275199999999998,2025-11-18 14:55:00+00:00,2025-11-18 14:45:00+00:00,2025-11-18 14:40:00+00:00,2025-11-18 15:00:00+00:00,2025-11-18 16:00:00+00:00,2025-11-18 16:00:00+00:00,session_end
ib_tpl_15271,2025-11-18 19:35:00+00:00,BUY,115.7699,115.3699,116.5699,115.7699,115.7699,115.05,0.7199000000000098,2025-11-18 19:35:00+00:00,2025-11-18 19:30:00+00:00,2025-11-18 19:25:00+00:00,2025-11-18 19:40:00+00:00,2025-11-18 20:00:00+00:00,2025-11-18 20:00:00+00:00,session_end
ib_tpl_15292,2025-11-19 14:50:00+00:00,BUY,116.75,116.35,117.55,116.75,116.75,114.59,2.1599999999999966,2025-11-19 14:50:00+00:00,2025-11-19 14:35:00+00:00,2025-11-19 14:30:00+00:00,2025-11-19 14:55:00+00:00,2025-11-19 16:00:00+00:00,2025-11-19 16:00:00+00:00,session_end
ib_tpl_15372,2025-11-20 15:00:00+00:00,BUY,120.48,120.08,121.28,120.48,120.48,118.86,1.6200000000000043,2025-11-20 15:00:00+00:00,2025-11-20 14:50:00+00:00,2025-11-20 14:45:00+00:00,2025-11-20 15:05:00+00:00,2025-11-20 16:00:00+00:00,2025-11-20 16:00:00+00:00,session_end
ib_tpl_15429,2025-11-20 19:45:00+00:00,SELL,107.595,107.995,106.795,107.595,108.79,107.595,1.1950000000000074,2025-11-20 19:45:00+00:00,2025-11-20 19:30:00+00:00,2025-11-20 19:25:00+00:00,2025-11-20 19:50:00+00:00,2025-11-20 20:00:00+00:00,2025-11-20 20:00:00+00:00,session_end
ib_tpl_15455,2025-11-21 15:25:00+00:00,SELL,105.62,106.02,104.82,105.62,107.91,105.62,2.289999999999992,2025-11-21 15:25:00+00:00,2025-11-21 15:05:00+00:00,2025-11-21 15:00:00+00:00,2025-11-21 15:30:00+00:00,2025-11-21 16:00:00+00:00,2025-11-21 16:00:00+00:00,session_end
ib_tpl_15506,2025-11-21 19:40:00+00:00,SELL,108.98,109.38,108.18,108.98,109.8,108.98,0.8199999999999932,2025-11-21 19:40:00+00:00,2025-11-21 19:35:00+00:00,2025-11-21 19:30:00+00:00,2025-11-21 19:45:00+00:00,2025-11-21 20:00:00+00:00,2025-11-21 20:00:00+00:00,session_end
ib_tpl_15524,2025-11-24 14:40:00+00:00,SELL,109.915,110.315,109.115,109.915,111.38,109.915,1.4649999999999892,2025-11-24 14:40:00+00:00,2025-11-24 14:35:00+00:00,2025-11-24 14:30:00+00:00,2025-11-24 14:45:00+00:00,2025-11-24 16:00:00+00:00,2025-11-24 16:00:00+00:00,session_end
ib_tpl_15582,2025-11-24 19:30:00+00:00,SELL,114.49,114.89,113.69,114.49,114.98,114.49,0.4900000000000091,2025-11-24 19:30:00+00:00,2025-11-24 19:20:00+00:00,2025-11-24 19:15:00+00:00,2025-11-24 19:35:00+00:00,2025-11-24 20:00:00+00:00,2025-11-24 20:00:00+00:00,session_end
ib_tpl_15611,2025-11-25 15:25:00+00:00,BUY,110.95,110.55,111.75,110.95,110.95,109.55,1.4000000000000057,2025-11-25 15:25:00+00:00,2025-11-25 15:15:00+00:00,2025-11-25 15:10:00+00:00,2025-11-25 15:30:00+00:00,2025-11-25 16:00:00+00:00,2025-11-25 16:00:00+00:00,session_end
ib_tpl_15661,2025-11-25 19:35:00+00:00,SELL,114.9,115.3,114.1,114.9,115.5099,114.9,0.6098999999999961,2025-11-25 19:35:00+00:00,2025-11-25 19:25:00+00:00,2025-11-25 19:20:00+00:00,2025-11-25 19:40:00+00:00,2025-11-25 20:00:00+00:00,2025-11-25 20:00:00+00:00,session_end
ib_tpl_15690,2025-11-26 15:30:00+00:00,BUY,123.8997,123.4997,124.6997,123.8997,123.8997,122.47,1.4296999999999969,2025-11-26 15:30:00+00:00,2025-11-26 15:20:00+00:00,2025-11-26 15:15:00+00:00,2025-11-26 15:35:00+00:00,2025-11-26 16:00:00+00:00,2025-11-26 16:00:00+00:00,session_end
ib_tpl_15768,2025-11-28 15:30:00+00:00,BUY,129.48,129.07999999999998,130.28,129.48,129.48,127.3,2.1799999999999926,2025-11-28 15:30:00+00:00,2025-11-28 14:35:00+00:00,2025-11-28 14:30:00+00:00,2025-11-28 15:35:00+00:00,2025-11-28 16:00:00+00:00,2025-11-28 16:00:00+00:00,session_end
ib_tpl_15816,2025-11-28 19:30:00+00:00,SELL,128.51,128.7,128.13,128.51,128.7,128.51,0.1899999999999977,2025-11-28 19:30:00+00:00,2025-11-28 19:05:00+00:00,2025-11-28 19:00:00+00:00,2025-11-28 19:35:00+00:00,2025-11-28 20:00:00+00:00,2025-11-28 20:00:00+00:00,session_end
ib_tpl_15838,2025-12-01 14:50:00+00:00,BUY,124.585,124.185,125.385,124.585,124.585,122.07,2.515000000000001,2025-12-01 14:50:00+00:00,2025-12-01 14:35:00+00:00,2025-12-01 14:30:00+00:00,2025-12-01 14:55:00+00:00,2025-12-01 16:00:00+00:00,2025-12-01 16:00:00+00:00,session_end
ib_tpl_15898,2025-12-01 19:50:00+00:00,BUY,123.6,123.2,124.4,123.6,123.6,122.97,0.6299999999999955,2025-12-01 19:50:00+00:00,2025-12-01 19:15:00+00:00,2025-12-01 19:10:00+00:00,2025-12-01 19:55:00+00:00,2025-12-01 20:00:00+00:00,2025-12-01 20:00:00+00:00,session_end
ib_tpl_15970,2025-12-02 19:20:00+00:00,SELL,127.6301,128.0285,126.83329999999998,127.6301,128.0285,127.6301,0.3984000000000094,2025-12-02 19:20:00+00:00,2025-12-02 19:15:00+00:00,2025-12-02 19:10:00+00:00,2025-12-02 19:25:00+00:00,2025-12-02 20:00:00+00:00,2025-12-02 20:00:00+00:00,session_end
ib_tpl_15993,2025-12-03 14:45:00+00:00,BUY,126.4168,126.0168,127.2168,126.4168,126.4168,124.4,2.0167999999999893,2025-12-03 14:45:00+00:00,2025-12-03 14:35:00+00:00,2025-12-03 14:30:00+00:00,2025-12-03 14:50:00+00:00,2025-12-03 16:00:00+00:00,2025-12-03 16:00:00+00:00,session_end
ib_tpl_16051,2025-12-03 19:35:00+00:00,BUY,132.94,132.5601,133.69979999999998,132.94,132.94,132.5601,0.3798999999999921,2025-12-03 19:35:00+00:00,2025-12-03 19:20:00+00:00,2025-12-03 19:15:00+00:00,2025-12-03 19:40:00+00:00,2025-12-03 20:00:00+00:00,2025-12-03 20:00:00+00:00,session_end
ib_tpl_16085,2025-12-04 15:55:00+00:00,BUY,134.61,134.21,135.41000000000005,134.61,134.61,133.9,0.710000000000008,2025-12-04 15:55:00+00:00,2025-12-04 15:50:00+00:00,2025-12-04 15:45:00+00:00,,,2025-12-04 16:00:00+00:00,session_end
ib_tpl_16163,2025-12-05 15:55:00+00:00,SELL,132.75,133.15,131.95,132.75,133.54,132.75,0.789999999999992,2025-12-05 15:55:00+00:00,2025-12-05 15:20:00+00:00,2025-12-05 15:15:00+00:00,,,2025-12-05 16:00:00+00:00,session_end
ib_tpl_16207,2025-12-05 19:35:00+00:00,BUY,131.8,131.4,132.60000000000002,131.8,131.8,131.4,0.4000000000000057,2025-12-05 19:35:00+00:00,2025-12-05 19:25:00+00:00,2025-12-05 19:20:00+00:00,2025-12-05 19:40:00+00:00,2025-12-05 20:00:00+00:00,2025-12-05 20:00:00+00:00,session_end
ib_tpl_16233,2025-12-08 15:15:00+00:00,BUY,133.25,132.85,134.05,133.25,133.25,132.0017,1.2483000000000004,2025-12-08 15:15:00+00:00,2025-12-08 15:00:00+00:00,2025-12-08 14:55:00+00:00,2025-12-08 15:20:00+00:00,2025-12-08 16:00:00+00:00,2025-12-08 16:00:00+00:00,session_end
ib_tpl_16288,2025-12-08 19:50:00+00:00,BUY,136.15,135.81,136.83,136.15,136.15,135.81,0.3400000000000034,2025-12-08 19:50:00+00:00,2025-12-08 19:40:00+00:00,2025-12-08 19:35:00+00:00,2025-12-08 19:55:00+00:00,2025-12-08 20:00:00+00:00,2025-12-08 20:00:00+00:00,session_end
ib_tpl_16318,2025-12-09 15:50:00+00:00,BUY,137.9684,137.5684,138.7684,137.9684,137.9684,136.55,1.4183999999999912,2025-12-09 15:50:00+00:00,2025-12-09 15:05:00+00:00,2025-12-09 15:00:00+00:00,2025-12-09 15:55:00+00:00,2025-12-09 16:00:00+00:00,2025-12-09 16:00:00+00:00,session_end
ib_tpl_16363,2025-12-09 19:35:00+00:00,BUY,137.95,137.54999999999998,138.75,137.95,137.95,137.2,0.75,2025-12-09 19:35:00+00:00,2025-12-09 19:10:00+00:00,2025-12-09 19:05:00+00:00,2025-12-09 19:40:00+00:00,2025-12-09 20:00:00+00:00,2025-12-09 20:00:00+00:00,session_end
ib_tpl_16389,2025-12-10 15:15:00+00:00,SELL,135.46,135.86,134.66,135.46,136.69,135.46,1.2299999999999898,2025-12-10 15:15:00+00:00,2025-12-10 15:10:00+00:00,2025-12-10 15:05:00+00:00,2025-12-10 15:20:00+00:00,2025-12-10 16:00:00+00:00,2025-12-10 16:00:00+00:00,session_end
ib_tpl_16442,2025-12-10 19:40:00+00:00,SELL,135.6668,136.0668,134.86679999999998,135.6668,137.3448,135.6668,1.6779999999999973,2025-12-10 19:40:00+00:00,2025-12-10 19:10:00+00:00,2025-12-10 19:05:00+00:00,2025-12-10 19:45:00+00:00,2025-12-10 20:00:00+00:00,2025-12-10 20:00:00+00:00,session_end
ib_tpl_16461,2025-12-11 14:45:00+00:00,SELL,128.13,128.53,127.33,128.13,131.775,128.13,3.64500000000001,2025-12-11 14:45:00+00:00,2025-12-11 14:35:00+00:00,2025-12-11 14:30:00+00:00,2025-12-11 14:50:00+00:00,2025-12-11 16:00:00+00:00,2025-12-11 16:00:00+00:00,session_end
ib_tpl_16522,2025-12-11 19:50:00+00:00,SELL,123.81,124.21,123.01,123.81,124.361,123.81,0.5510000000000019,2025-12-11 19:50:00+00:00,2025-12-11 19:45:00+00:00,2025-12-11 19:40:00+00:00,2025-12-11 19:55:00+00:00,2025-12-11 20:00:00+00:00,2025-12-11 20:00:00+00:00,session_end
ib_tpl_16542,2025-12-12 15:00:00+00:00,SELL,123.6286,124.0286,122.8286,123.6286,125.13,123.6286,1.5013999999999896,2025-12-12 15:00:00+00:00,2025-12-12 14:55:00+00:00,2025-12-12 14:50:00+00:00,2025-12-12 15:05:00+00:00,2025-12-12 16:00:00+00:00,2025-12-12 16:00:00+00:00,session_end
ib_tpl_16626,2025-12-15 15:30:00+00:00,BUY,117.29,116.89,118.09,117.29,117.29,115.6,1.690000000000012,2025-12-15 15:30:00+00:00,2025-12-15 15:10:00+00:00,2025-12-15 15:05:00+00:00,2025-12-15 15:35:00+00:00,2025-12-15 16:00:00+00:00,2025-12-15 16:00:00+00:00,session_end
ib_tpl_16696,2025-12-16 14:50:00+00:00,BUY,119.0,118.6,119.8,119.0,119.0,117.1,1.9000000000000057,2025-12-16 14:50:00+00:00,2025-12-16 14:40:00+00:00,2025-12-16 14:35:00+00:00,2025-12-16 14:55:00+00:00,2025-12-16 16:00:00+00:00,2025-12-16 16:00:00+00:00,session_end
ib_tpl_16756,2025-12-16 19:50:00+00:00,BUY,118.16,117.76,118.96,118.16,118.16,117.64,0.519999999999996,2025-12-16 19:50:00+00:00,2025-12-16 19:45:00+00:00,2025-12-16 19:40:00+00:00,2025-12-16 19:55:00+00:00,2025-12-16 20:00:00+00:00,2025-12-16 20:00:00+00:00,session_end
ib_tpl_16781,2025-12-17 15:25:00+00:00,BUY,124.25,123.85,125.05,124.25,124.25,123.07,1.1800000000000068,2025-12-17 15:25:00+00:00,2025-12-17 15:20:00+00:00,2025-12-17 15:15:00+00:00,2025-12-17 15:30:00+00:00,2025-12-17 16:00:00+00:00,2025-12-17 16:00:00+00:00,session_end
ib_tpl_16827,2025-12-17 19:15:00+00:00,SELL,117.43,117.83,116.63,117.43,118.27,117.43,0.8399999999999892,2025-12-17 19:15:00+00:00,2025-12-17 19:05:00+00:00,2025-12-17 19:00:00+00:00,2025-12-17 19:20:00+00:00,2025-12-17 20:00:00+00:00,2025-12-17 20:00:00+00:00,session_end
ib_tpl_16851,2025-12-18 14:45:00+00:00,SELL,121.68,122.08,120.88,121.68,124.25,121.68,2.569999999999993,2025-12-18 14:45:00+00:00,2025-12-18 14:35:00+00:00,2025-12-18 14:30:00+00:00,2025-12-18 14:50:00+00:00,2025-12-18 16:00:00+00:00,2025-12-18 16:00:00+00:00,session_end
ib_tpl_16910,2025-12-18 19:40:00+00:00,SELL,118.23,118.63,117.43,118.23,118.69,118.23,0.4599999999999937,2025-12-18 19:40:00+00:00,2025-12-18 19:20:00+00:00,2025-12-18 19:15:00+00:00,2025-12-18 19:45:00+00:00,2025-12-18 20:00:00+00:00,2025-12-18 20:00:00+00:00,session_end
ib_tpl_16938,2025-12-19 15:30:00+00:00,BUY,120.84,120.44,121.64,120.84,120.84,120.08,0.7600000000000051,2025-12-19 15:30:00+00:00,2025-12-19 15:25:00+00:00,2025-12-19 15:20:00+00:00,2025-12-19 15:35:00+00:00,2025-12-19 16:00:00+00:00,2025-12-19 16:00:00+00:00,session_end
ib_tpl_17015,2025-12-22 15:25:00+00:00,SELL,122.35,122.75,121.55,122.35,123.3399,122.35,0.9899000000000058,2025-12-22 15:25:00+00:00,2025-12-22 15:05:00+00:00,2025-12-22 15:00:00+00:00,2025-12-22 15:30:00+00:00,2025-12-22 16:00:00+00:00,2025-12-22 16:00:00+00:00,session_end
ib_tpl_17061,2025-12-22 19:15:00+00:00,BUY,122.12,121.72,122.92,122.12,122.12,121.63,0.4900000000000091,2025-12-22 19:15:00+00:00,2025-12-22 19:05:00+00:00,2025-12-22 19:00:00+00:00,2025-12-22 19:20:00+00:00,2025-12-22 20:00:00+00:00,2025-12-22 20:00:00+00:00,session_end
ib_tpl_17166,2025-12-24 15:00:00+00:00,BUY,120.15,119.75,120.95,120.15,120.15,118.6,1.5500000000000114,2025-12-24 15:00:00+00:00,2025-12-24 14:40:00+00:00,2025-12-24 14:35:00+00:00,2025-12-24 15:05:00+00:00,2025-12-24 16:00:00+00:00,2025-12-24 16:00:00+00:00,session_end
ib_tpl_17218,2025-12-24 19:20:00+00:00,BUY,120.35,120.3,120.45,120.35,120.35,120.3,0.0499999999999971,2025-12-24 19:20:00+00:00,2025-12-24 19:10:00+00:00,2025-12-24 19:05:00+00:00,2025-12-24 19:25:00+00:00,2025-12-24 20:00:00+00:00,2025-12-24 20:00:00+00:00,session_end
ib_tpl_17241,2025-12-26 14:45:00+00:00,SELL,119.6101,120.0101,118.8101,119.6101,121.03,119.6101,1.4198999999999984,2025-12-26 14:45:00+00:00,2025-12-26 14:35:00+00:00,2025-12-26 14:30:00+00:00,2025-12-26 14:50:00+00:00,2025-12-26 16:00:00+00:00,2025-12-26 16:00:00+00:00,session_end
ib_tpl_17302,2025-12-26 19:50:00+00:00,SELL,119.51,119.73,119.07,119.51,119.73,119.51,0.2199999999999988,2025-12-26 19:50:00+00:00,2025-12-26 19:40:00+00:00,2025-12-26 19:35:00+00:00,2025-12-26 19:55:00+00:00,2025-12-26 20:00:00+00:00,2025-12-26 20:00:00+00:00,session_end
ib_tpl_17322,2025-12-29 15:00:00+00:00,SELL,116.9,117.3,116.1,116.9,117.8624,116.9,0.9623999999999882,2025-12-29 15:00:00+00:00,2025-12-29 14:55:00+00:00,2025-12-29 14:50:00+00:00,2025-12-29 15:05:00+00:00,2025-12-29 16:00:00+00:00,2025-12-29 16:00:00+00:00,session_end
ib_tpl_17380,2025-12-29 19:50:00+00:00,BUY,116.96,116.71,117.46,116.96,116.96,116.71,0.25,2025-12-29 19:50:00+00:00,2025-12-29 19:35:00+00:00,2025-12-29 19:30:00+00:00,2025-12-29 19:55:00+00:00,2025-12-29 20:00:00+00:00,2025-12-29 20:00:00+00:00,session_end
ib_tpl_17402,2025-12-30 15:10:00+00:00,SELL,116.286,116.686,115.486,116.286,117.5,116.286,1.2139999999999986,2025-12-30 15:10:00+00:00,2025-12-30 14:40:00+00:00,2025-12-30 14:35:00+00:00,2025-12-30 15:15:00+00:00,2025-12-30 16:00:00+00:00,2025-12-30 16:00:00+00:00,session_end
ib_tpl_17457,2025-12-30 19:45:00+00:00,SELL,116.44,116.8,115.72,116.44,116.8,116.44,0.3599999999999994,2025-12-30 19:45:00+00:00,2025-12-30 19:15:00+00:00,2025-12-30 19:10:00+00:00,2025-12-30 19:50:00+00:00,2025-12-30 20:00:00+00:00,2025-12-30 20:00:00+00:00,session_end
ib_tpl_17474,2025-12-31 14:40:00+00:00,SELL,114.6,115.0,113.8,114.6,115.65,114.6,1.0500000000000114,2025-12-31 14:40:00+00:00,2025-12-31 14:35:00+00:00,2025-12-31 14:30:00+00:00,2025-12-31 14:45:00+00:00,2025-12-31 16:00:00+00:00,2025-12-31 16:00:00+00:00,session_end
ib_tpl_17529,2025-12-31 19:15:00+00:00,SELL,113.8554,114.11,113.3462,113.8554,114.11,113.8554,0.2545999999999964,2025-12-31 19:15:00+00:00,2025-12-31 19:05:00+00:00,2025-12-31 19:00:00+00:00,2025-12-31 19:20:00+00:00,2025-12-31 20:00:00+00:00,2025-12-31 20:00:00+00:00,session_end
ib_tpl_17614,2026-01-02 19:50:00+00:00,SELL,115.1893,115.48,114.6079,115.1893,115.48,115.1893,0.290700000000001,2026-01-02 19:50:00+00:00,2026-01-02 19:25:00+00:00,2026-01-02 19:20:00+00:00,2026-01-02 19:55:00+00:00,2026-01-02 20:00:00+00:00,2026-01-02 20:00:00+00:00,session_end
ib_tpl_17641,2026-01-05 15:35:00+00:00,BUY,120.23,119.83,121.03,120.23,120.23,118.92,1.3100000000000025,2026-01-05 15:35:00+00:00,2026-01-05 15:10:00+00:00,2026-01-05 15:05:00+00:00,2026-01-05 15:40:00+00:00,2026-01-05 16:00:00+00:00,2026-01-05 16:00:00+00:00,session_end
ib_tpl_17689,2026-01-05 19:35:00+00:00,SELL,122.61,122.93,121.96999999999998,122.61,122.93,122.61,0.3200000000000074,2026-01-05 19:35:00+00:00,2026-01-05 19:25:00+00:00,2026-01-05 19:20:00+00:00,2026-01-05 19:40:00+00:00,2026-01-05 20:00:00+00:00,2026-01-05 20:00:00+00:00,session_end
ib_tpl_17766,2026-01-06 19:30:00+00:00,BUY,120.57,120.17,121.37,120.57,120.57,119.98,0.5899999999999892,2026-01-06 19:30:00+00:00,2026-01-06 19:25:00+00:00,2026-01-06 19:20:00+00:00,2026-01-06 19:35:00+00:00,2026-01-06 20:00:00+00:00,2026-01-06 20:00:00+00:00,session_end
ib_tpl_17864,2026-01-08 14:40:00+00:00,SELL,115.22,115.62,114.42,115.22,116.7,115.22,1.480000000000004,2026-01-08 14:40:00+00:00,2026-01-08 14:35:00+00:00,2026-01-08 14:30:00+00:00,2026-01-08 14:45:00+00:00,2026-01-08 16:00:00+00:00,2026-01-08 16:00:00+00:00,session_end
ib_tpl_18024,2026-01-12 15:00:00+00:00,BUY,116.99,116.59,117.79,116.99,116.99,115.7089,1.281099999999995,2026-01-12 15:00:00+00:00,2026-01-12 14:50:00+00:00,2026-01-12 14:45:00+00:00,2026-01-12 15:05:00+00:00,2026-01-12 16:00:00+00:00,2026-01-12 16:00:00+00:00,session_end
ib_tpl_18078,2026-01-12 19:30:00+00:00,BUY,117.8,117.4396,118.5208,117.8,117.8,117.4396,0.3603999999999985,2026-01-12 19:30:00+00:00,2026-01-12 19:20:00+00:00,2026-01-12 19:15:00+00:00,2026-01-12 19:35:00+00:00,2026-01-12 20:00:00+00:00,2026-01-12 20:00:00+00:00,session_end
ib_tpl_18099,2026-01-13 14:45:00+00:00,SELL,117.42,117.82,116.62,117.42,118.96,117.42,1.539999999999992,2026-01-13 14:45:00+00:00,2026-01-13 14:40:00+00:00,2026-01-13 14:35:00+00:00,2026-01-13 14:50:00+00:00,2026-01-13 16:00:00+00:00,2026-01-13 16:00:00+00:00,session_end
ib_tpl_18160,2026-01-13 19:50:00+00:00,BUY,119.14,118.74,119.94,119.14,119.14,118.62,0.519999999999996,2026-01-13 19:50:00+00:00,2026-01-13 19:40:00+00:00,2026-01-13 19:35:00+00:00,2026-01-13 19:55:00+00:00,2026-01-13 20:00:00+00:00,2026-01-13 20:00:00+00:00,session_end
ib_tpl_18182,2026-01-14 15:10:00+00:00,BUY,119.0,118.6,119.8,119.0,119.0,116.61,2.390000000000001,2026-01-14 15:10:00+00:00,2026-01-14 14:45:00+00:00,2026-01-14 14:40:00+00:00,2026-01-14 15:15:00+00:00,2026-01-14 16:00:00+00:00,2026-01-14 16:00:00+00:00,session_end
ib_tpl_18235,2026-01-14 19:35:00+00:00,BUY,118.28,117.88,119.08,118.28,118.28,117.78,0.5,2026-01-14 19:35:00+00:00,2026-01-14 19:25:00+00:00,2026-01-14 19:20:00+00:00,2026-01-14 19:40:00+00:00,2026-01-14 20:00:00+00:00,2026-01-14 20:00:00+00:00,session_end
ib_tpl_18257,2026-01-15 14:55:00+00:00,SELL,117.045,117.445,116.245,117.045,119.8799,117.045,2.8349000000000046,2026-01-15 14:55:00+00:00,2026-01-15 14:35:00+00:00,2026-01-15 14:30:00+00:00,2026-01-15 15:00:00+00:00,2026-01-15 16:00:00+00:00,2026-01-15 16:00:00+00:00,session_end
ib_tpl_18311,2026-01-15 19:25:00+00:00,SELL,114.0,114.4,113.2,114.0,114.71,114.0,0.7099999999999937,2026-01-15 19:25:00+00:00,2026-01-15 19:15:00+00:00,2026-01-15 19:10:00+00:00,2026-01-15 19:30:00+00:00,2026-01-15 20:00:00+00:00,2026-01-15 20:00:00+00:00,session_end
ib_tpl_18334,2026-01-16 14:50:00+00:00,SELL,108.57,108.97,107.77,108.57,111.25,108.57,2.680000000000007,2026-01-16 14:50:00+00:00,2026-01-16 14:35:00+00:00,2026-01-16 14:30:00+00:00,2026-01-16 14:55:00+00:00,2026-01-16 16:00:00+00:00,2026-01-16 16:00:00+00:00,session_end
ib_tpl_18393,2026-01-16 19:45:00+00:00,SELL,109.13,109.49,108.41,109.13,109.49,109.13,0.3599999999999994,2026-01-16 19:45:00+00:00,2026-01-16 19:25:00+00:00,2026-01-16 19:20:00+00:00,2026-01-16 19:50:00+00:00,2026-01-16 20:00:00+00:00,2026-01-16 20:00:00+00:00,session_end
ib_tpl_18419,2026-01-20 15:25:00+00:00,BUY,106.78,106.38,107.58,106.78,106.78,105.42,1.3599999999999994,2026-01-20 15:25:00+00:00,2026-01-20 15:05:00+00:00,2026-01-20 15:00:00+00:00,2026-01-20 15:30:00+00:00,2026-01-20 16:00:00+00:00,2026-01-20 16:00:00+00:00,session_end
ib_tpl_18468,2026-01-20 19:30:00+00:00,SELL,105.3901,105.7901,104.5901,105.3901,105.88,105.3901,0.4898999999999915,2026-01-20 19:30:00+00:00,2026-01-20 19:25:00+00:00,2026-01-20 19:20:00+00:00,2026-01-20 19:35:00+00:00,2026-01-20 20:00:00+00:00,2026-01-20 20:00:00+00:00,session_end
ib_tpl_18498,2026-01-21 15:30:00+00:00,BUY,107.94,107.54,108.74,107.94,107.94,106.3,1.6400000000000006,2026-01-21 15:30:00+00:00,2026-01-21 14:40:00+00:00,2026-01-21 14:35:00+00:00,2026-01-21 15:35:00+00:00,2026-01-21 16:00:00+00:00,2026-01-21 16:00:00+00:00,session_end
ib_tpl_18574,2026-01-22 15:20:00+00:00,SELL,105.33,105.73,104.53,105.33,106.52,105.33,1.1899999999999975,2026-01-22 15:20:00+00:00,2026-01-22 14:55:00+00:00,2026-01-22 14:50:00+00:00,2026-01-22 15:25:00+00:00,2026-01-22 16:00:00+00:00,2026-01-22 16:00:00+00:00,session_end
ib_tpl_18621,2026-01-22 19:15:00+00:00,SELL,106.48,106.81,105.82,106.48,106.81,106.48,0.3299999999999983,2026-01-22 19:15:00+00:00,2026-01-22 19:10:00+00:00,2026-01-22 19:05:00+00:00,2026-01-22 19:20:00+00:00,2026-01-22 20:00:00+00:00,2026-01-22 20:00:00+00:00,session_end
ib_tpl_18651,2026-01-23 15:15:00+00:00,SELL,107.35,107.75,106.55,107.35,107.9,107.35,0.5500000000000114,2026-01-23 15:15:00+00:00,2026-01-23 15:10:00+00:00,2026-01-23 15:05:00+00:00,2026-01-23 15:20:00+00:00,2026-01-23 16:00:00+00:00,2026-01-23 16:00:00+00:00,session_end
ib_tpl_18701,2026-01-23 19:25:00+00:00,SELL,108.67,109.04,107.93,108.67,109.04,108.67,0.3700000000000045,2026-01-23 19:25:00+00:00,2026-01-23 19:05:00+00:00,2026-01-23 19:00:00+00:00,2026-01-23 19:30:00+00:00,2026-01-23 20:00:00+00:00,2026-01-23 20:00:00+00:00,session_end
