symbol,breakout_session,first_trigger_passed,final_trigger_passed,trigger_reason,cold_phase_pre_min_close,cold_phase_pre_max_close,cold_phase_pre_mean_vol,cold_phase_pre_median_vol,is_anchor_reference_symbol,breakout_date,previous_date,confirm_date,pre_window,confirm_offset,trim_top_n,trim_bottom_n,price_lr_raw,price_lr_trimmed,vol_lr_raw,vol_lr_trimmed,breakout_green,breakout_close_position_in_range,confirm_close_vs_breakout_close,confirm_close_position_in_range,confirm_vol_vs_breakout_vol,pre_max_drawdown,pre_gap_down_count,price_ratio_prev_to_breakout,volume_ratio_prev_to_breakout,price_ratio_prev_to_confirm,volume_ratio_prev_to_confirm,criteria_pre_window,criteria_confirm_offset,criteria_cold_phase_price_min,criteria_cold_phase_price_max,criteria_cold_phase_mean_volume_min,criteria_cold_phase_mean_volume_max,criteria_cold_phase_median_volume_min,criteria_cold_phase_median_volume_max,criteria_min_price_lr_trimmed,criteria_min_vol_lr_trimmed,criteria_min_price_ratio_prev_to_breakout,criteria_min_volume_ratio_prev_to_breakout,criteria_min_price_ratio_prev_to_confirm,criteria_min_volume_ratio_prev_to_confirm,criteria_require_breakout_green,criteria_min_confirm_close_vs_breakout_close,criteria_min_confirm_close_position_in_range,criteria_min_pre_max_drawdown,criteria_max_pre_gap_down_count
AXTI,2024-02-22,True,True,IMPULSE_CONFIRMED,2.2,2.84,133432.3,106968.5,True,2024-02-22,2024-02-21,2024-02-25,30,1,1,1,-0.0147074527252505,-0.0138998357963875,1698.9813125695216,-1503.7419266557197,True,0.4176470588235295,1.173575129533679,0.9134615384615384,0.0615024300872064,-0.2253521126760562,0,1.692982456140351,189.80321928105056,1.9868421052631584,11.673359224159531,30,1,2.0,9.0,100000.0,1500000.0,80000.0,1200000.0,-0.1,-100000.0,1.172897,19.617994,1.158879,3.01405,False,0.9,0.5,-0.6,8
KODK,2024-02-28,True,True,IMPULSE_CONFIRMED,3.37,3.68,522980.8,505821.5,False,2024-02-28,2024-02-27,2024-02-29,30,1,1,1,-0.0010945494994437,-0.0006102900930488,-870.5695216907675,-1175.181718664477,True,0.923469387755102,1.0636704119850189,0.906542056074766,0.5488042686308197,-0.0842391304347826,0,1.5257142857142856,42.53123521308924,1.6228571428571428,23.341323435084803,30,1,2.0,9.0,100000.0,1500000.0,80000.0,1200000.0,-0.1,-100000.0,1.172897,19.617994,1.158879,3.01405,False,0.9,0.5,-0.6,8
MNMD,2024-03-06,True,True,IMPULSE_CONFIRMED,3.55,6.24,802928.4,688822.5,False,2024-03-06,2024-03-05,2024-03-07,30,1,1,1,0.0849877641824249,0.083527640941434,32175.60889877642,27763.14668856048,True,0.4324324324324324,1.0777777777777775,0.6923076923076917,0.2131914929370813,-0.0887573964497041,1,1.5151515151515151,67.44490349589421,1.6329966329966328,14.378679667287065,30,1,2.0,9.0,100000.0,1500000.0,80000.0,1200000.0,-0.1,-100000.0,1.172897,19.617994,1.158879,3.01405,False,0.9,0.5,-0.6,8
FF,2024-03-13,True,True,IMPULSE_CONFIRMED,5.37,6.11,303039.36666666664,248786.0,False,2024-03-13,2024-03-12,2024-03-14,30,1,1,1,0.0021535038932148,0.0007662835249047,-7325.346162402669,-2987.140667761357,True,0.694300518134715,1.0261627906976745,0.5348837209302318,0.4710308469044365,-0.0785597381342062,0,1.2091388400702987,31.0522852088504,1.2407732864674867,14.626584200242911,30,1,2.0,9.0,100000.0,1500000.0,80000.0,1200000.0,-0.1,-100000.0,1.172897,19.617994,1.158879,3.01405,False,0.9,0.5,-0.6,8
AMTX,2024-03-20,True,False,CONFIRMATION_RANGE_POSITION_REJECTED,2.89,3.86,470987.5,419845.5,False,2024-03-20,2024-03-19,2024-03-21,30,1,1,1,-0.0161579532814238,-0.0141324575807334,8019.122803114572,10982.653530377667,True,0.8869565217391298,1.0921568627450982,0.2736318407960201,0.6052819785399167,-0.2512953367875646,1,1.3972602739726028,28.565873660279312,1.526027397260274,17.290408527815153,30,1,2.0,9.0,100000.0,1500000.0,80000.0,1200000.0,-0.1,-100000.0,1.172897,19.617994,1.158879,3.01405,False,0.9,0.5,-0.6,8
PAYS,2024-03-26,True,False,CONFIRMATION_RANGE_POSITION_REJECTED,2.78,3.38,135838.76666666666,120730.0,False,2024-03-26,2024-03-25,2024-03-27,30,1,1,1,0.0062180200222469,0.0051696770662289,1948.5839822024475,1069.7224958949098,True,0.3026315789473683,0.915,0.3230769230769232,0.1120991285526281,-0.1626506024096385,1,1.183431952662722,43.09007952111843,1.0828402366863903,4.830360363580823,30,1,2.0,9.0,100000.0,1500000.0,80000.0,1200000.0,-0.1,-100000.0,1.172897,19.617994,1.158879,3.01405,False,0.9,0.5,-0.6,8
TPST,2024-03-31,True,False,CONFIRMATION_RANGE_POSITION_REJECTED,3.16,4.11,556052.0666666667,477568.5,False,2024-03-31,2024-03-27,2024-04-01,30,1,1,1,-0.0072680756395995,-0.0052599890530925,5876.9170189099,6836.226600985222,True,0.7711442786069652,0.9356617647058822,0.3053435114503813,0.2803340016731001,-0.2311435523114355,1,1.391304347826087,24.90306117933726,1.3017902813299231,6.981174794313646,30,1,2.0,9.0,100000.0,1500000.0,80000.0,1200000.0,-0.1,-100000.0,1.172897,19.617994,1.158879,3.01405,False,0.9,0.5,-0.6,8
GSIT,2024-04-01,True,True,IMPULSE_CONFIRMED,2.42,4.59,547034.3333333334,264171.5,False,2024-04-01,2024-03-31,2024-04-02,30,1,1,1,0.0309855394883203,0.0282293377120963,-19924.42491657397,-17101.033935413245,True,0.6902173913043477,1.0952380952380951,0.6952380952380949,0.2606329796598139,-0.2592592592592593,4,1.350877192982456,46.40249476475432,1.47953216374269,12.094020474186834,30,1,2.0,9.0,100000.0,1500000.0,80000.0,1200000.0,-0.1,-100000.0,1.172897,19.617994,1.158879,3.01405,False,0.9,0.5,-0.6,8
VNDA,2024-04-02,True,False,CONFIRMATION_RANGE_POSITION_REJECTED,3.75,4.61,850584.1333333333,799655.0,False,2024-04-02,2024-04-01,2024-04-03,30,1,1,1,-0.0232235817575083,-0.0233524904214559,-4617.174638487208,-6217.724958949097,True,0.4096385542168673,0.9742574257425742,0.1333333333333333,0.1231774884957444,-0.1865509761388286,0,1.2915601023017902,61.1099236735045,1.258312020460358,7.527366920268925,30,1,2.0,9.0,100000.0,1500000.0,80000.0,1200000.0,-0.1,-100000.0,1.172897,19.617994,1.158879,3.01405,False,0.9,0.5,-0.6,8
OPRT,2024-04-22,True,False,CONFIRMATION_RANGE_POSITION_REJECTED,2.13,4.02,244239.86666666667,188572.5,False,2024-04-22,2024-04-21,2024-04-23,30,1,1,1,-0.0461557285873192,-0.0422058018609742,-9176.865850945494,-3620.390804597701,True,0.6105263157894739,1.0284810126582278,0.4516129032258067,0.0727739795809372,-0.4701492537313433,3,1.4044444444444446,101.46753314587669,1.4444444444444444,7.384196185286103,30,1,2.0,9.0,100000.0,1500000.0,80000.0,1200000.0,-0.1,-100000.0,1.172897,19.617994,1.158879,3.01405,False,0.9,0.5,-0.6,8
IFBD,2024-04-25,True,False,CONFIRMATION_RANGE_POSITION_REJECTED,3.69,5.96,856412.0666666667,133593.0,False,2024-04-25,2024-04-24,2024-04-28,30,1,1,1,-0.0502424916573971,-0.0437903667214011,23712.538375973305,-9350.60153256705,True,0.6111111111111115,1.030612244897959,0.4545454545454547,0.0724277282995774,-0.3808724832214765,5,1.3279132791327914,99.00528122524426,1.3685636856368564,7.170727608805243,30,1,2.0,9.0,100000.0,1500000.0,80000.0,1200000.0,-0.1,-100000.0,1.172897,19.617994,1.158879,3.01405,False,0.9,0.5,-0.6,8
MULN,2024-04-28,True,False,CONFIRMATION_RANGE_POSITION_REJECTED,2.62,5.72,1180404.7666666666,691617.5,False,2024-04-28,2024-04-25,2024-04-29,30,1,1,1,-0.0833526140155729,-0.0792200328407225,64125.74527252503,-3833.114668856048,True,0.8455284552845529,1.0996503496503498,0.3012048192771084,0.7070013956175897,-0.5419580419580419,6,1.810126582278481,62.11817181878398,1.990506329113924,43.917634169093496,30,1,2.0,9.0,100000.0,1500000.0,80000.0,1200000.0,-0.1,-100000.0,1.172897,19.617994,1.158879,3.01405,False,0.9,0.5,-0.6,8
AXTI,2024-05-02,True,False,CONFIRMATION_THRESHOLD_FAILED,2.76,5.4,983370.0666666668,610605.5,True,2024-05-02,2024-05-01,2024-05-05,30,1,1,1,-0.0842669632925473,-0.08367816091954,-35159.74860956619,-23745.79365079365,True,0.3804347826086956,1.0737704918032789,0.6756756756756763,0.1104091276526767,-0.4888888888888889,2,1.2000000000000002,26.140938041721043,1.2885245901639346,2.886198165209092,30,1,2.0,9.0,100000.0,1500000.0,80000.0,1200000.0,-0.1,-100000.0,1.172897,19.617994,1.158879,3.01405,False,0.9,0.5,-0.6,8
UPLD,2024-05-02,True,True,IMPULSE_CONFIRMED,2.02,3.09,163023.26666666666,142158.5,False,2024-05-02,2024-05-01,2024-05-05,30,1,1,1,-0.0355127919911012,-0.0358565955117679,-2218.004004449388,-894.0514504652435,True,0.257142857142857,1.2355212355212355,0.666666666666667,0.2598327599278771,-0.3462783171521035,3,1.2821782178217822,53.20709473944483,1.5841584158415842,13.824946273893978,30,1,2.0,9.0,100000.0,1500000.0,80000.0,1200000.0,-0.1,-100000.0,1.172897,19.617994,1.158879,3.01405,False,0.9,0.5,-0.6,8
BVS,2024-05-06,True,False,CONFIRMATION_RANGE_POSITION_REJECTED,3.96,5.22,129711.1,115095.0,False,2024-05-06,2024-05-05,2024-05-07,30,1,1,1,-0.0513125695216906,-0.0533032293377119,-2804.6360400444937,-1465.2523262178431,True,0.6619718309859152,0.984375,0.2203389830508473,0.2152314373801611,-0.2413793103448275,0,1.28,27.955570768440868,1.26,6.0169176792743455,30,1,2.0,9.0,100000.0,1500000.0,80000.0,1200000.0,-0.1,-100000.0,1.172897,19.617994,1.158879,3.01405,False,0.9,0.5,-0.6,8
INOD,2024-05-07,True,True,IMPULSE_CONFIRMED,5.69,7.12,270561.8333333333,231907.5,False,2024-05-07,2024-05-06,2024-05-08,30,1,1,1,-0.0144093437152389,-0.0122058018609744,2475.5913236929923,1417.536945812808,True,0.969957081545065,1.0983763132760267,0.87280701754386,0.1981016846217049,-0.2008426966292134,1,1.553412462908012,100.40408594761742,1.706231454005935,19.89021856912546,30,1,2.0,9.0,100000.0,1500000.0,80000.0,1200000.0,-0.1,-100000.0,1.172897,19.617994,1.158879,3.01405,False,0.9,0.5,-0.6,8
ACIU,2024-05-12,True,True,IMPULSE_CONFIRMED,2.29,2.8,209933.5,164404.5,False,2024-05-12,2024-05-09,2024-05-13,30,1,1,1,-0.0171256952169076,-0.0177476737821564,-4693.622914349277,-1388.3423645320197,False,0.7118644067796606,1.084848484848485,0.7454545454545454,0.1165304681245247,-0.182142857142857,1,1.4285714285714284,211.2729711602951,1.5497835497835497,24.61973823136841,30,1,2.0,9.0,100000.0,1500000.0,80000.0,1200000.0,-0.1,-100000.0,1.172897,19.617994,1.158879,3.01405,False,0.9,0.5,-0.6,8
OSG,2024-05-19,True,True,IMPULSE_CONFIRMED,5.93,6.89,333903.9,286766.0,False,2024-05-19,2024-05-16,2024-05-20,30,1,1,1,0.0311301446051167,0.0312342638204708,9626.218242491655,9172.93951833607,False,0.5999999999999964,1.003562945368171,1.0,0.4441999459912248,-0.0435483870967742,0,1.227405247813411,38.617707240664,1.2317784256559765,17.15398347060788,30,1,2.0,9.0,100000.0,1500000.0,80000.0,1200000.0,-0.1,-100000.0,1.172897,19.617994,1.158879,3.01405,False,0.9,0.5,-0.6,8
MMAT,2024-05-20,True,True,IMPULSE_CONFIRMED,2.05,3.9,228375.5,189157.0,False,2024-05-20,2024-05-19,2024-05-21,30,1,1,1,-0.0416974416017797,-0.0373727422003284,3585.3888765294773,3143.944718117132,True,0.3732394366197181,0.9242424242424242,0.6285714285714277,0.0366088085369897,-0.4743589743589743,3,1.434782608695652,224.8154687670933,1.3260869565217392,8.230226452248113,30,1,2.0,9.0,100000.0,1500000.0,80000.0,1200000.0,-0.1,-100000.0,1.172897,19.617994,1.158879,3.01405,False,0.9,0.5,-0.6,8
BMR,2024-06-11,True,False,CONFIRMATION_RANGE_POSITION_REJECTED,4.15,6.05,332142.63333333336,270787.0,False,2024-06-11,2024-06-10,2024-06-12,30,1,1,1,-0.0648209121245825,-0.0659304871373836,4983.89744160178,-553.5164203612479,False,0.0632911392405066,0.9005736137667303,0.0,0.0325542059355477,-0.3140495867768594,1,1.1886363636363635,43.10398393389141,1.070454545454545,1.4032159696264446,30,1,2.0,9.0,100000.0,1500000.0,80000.0,1200000.0,-0.1,-100000.0,1.172897,19.617994,1.158879,3.01405,False,0.9,0.5,-0.6,8
NEOV,2024-06-11,True,False,CONFIRMATION_RANGE_POSITION_REJECTED,2.24,3.04,115487.53333333334,91907.0,False,2024-06-11,2024-06-10,2024-06-12,30,1,1,1,0.0023959955506117,-0.0002107279693487,-3604.7466073414894,-3612.561302681992,True,0.8474576271186443,0.9635761589403974,0.4166666666666673,0.378100184602093,-0.2268041237113403,4,1.1889763779527558,25.57067656196065,1.1456692913385826,9.668277528477736,30,1,2.0,9.0,100000.0,1500000.0,80000.0,1200000.0,-0.1,-100000.0,1.172897,19.617994,1.158879,3.01405,False,0.9,0.5,-0.6,8
AAN,2024-06-16,True,False,CONFIRMATION_RANGE_POSITION_REJECTED,6.95,8.48,235968.8,192171.5,False,2024-06-16,2024-06-13,2024-06-17,30,1,1,1,0.0323559510567295,0.0298494800218937,5447.492324805339,4057.6507936507937,True,0.9090909090909104,0.9970178926441352,0.4999999999999852,0.4635659528883558,-0.1108490566037736,0,1.3342175066312998,26.78908172711468,1.3302387267904507,12.418506197833956,30,1,2.0,9.0,100000.0,1500000.0,80000.0,1200000.0,-0.1,-100000.0,1.172897,19.617994,1.158879,3.01405,False,0.9,0.5,-0.6,8
ALIM,2024-06-23,True,False,CONFIRMATION_RANGE_POSITION_REJECTED,2.89,3.56,139371.6,80526.0,False,2024-06-23,2024-06-20,2024-06-24,30,1,1,1,-0.0098464961067854,-0.0078571428571429,6814.216685205784,1474.91899288451,False,0.0833333333333314,0.9963898916967509,0.1666666666666617,0.3242266875836932,-0.1882022471910112,0,1.7587301587301587,59.63304069441236,1.7523809523809524,19.3346232548929,30,1,2.0,9.0,100000.0,1500000.0,80000.0,1200000.0,-0.1,-100000.0,1.172897,19.617994,1.158879,3.01405,False,0.9,0.5,-0.6,8
ANVS,2024-07-01,True,False,CONFIRMATION_CLOSE_REJECTED,5.27,8.77,244268.66666666663,215724.5,False,2024-07-01,2024-06-30,2024-07-02,30,1,1,1,-0.0826896551724136,-0.0741954022988503,-4613.728587319243,-4703.771483305966,True,0.5952380952380951,0.8706896551724138,0.3763440860215054,0.1327082435574594,-0.3990877993158495,5,1.760910815939279,110.69434353776694,1.5332068311195448,14.69005190264306,30,1,2.0,9.0,100000.0,1500000.0,80000.0,1200000.0,-0.1,-100000.0,1.172897,19.617994,1.158879,3.01405,False,0.9,0.5,-0.6,8
KOSS,2024-07-02,True,False,CONFIRMATION_RANGE_POSITION_REJECTED,3.88,5.52,297466.5,168903.0,False,2024-07-02,2024-07-01,2024-07-04,30,1,1,1,-0.040186874304783,-0.0418445539135196,-13011.686985539489,-12558.02271483306,True,0.4004441154700222,1.25587958607714,0.1196581196581195,0.8247629019033296,-0.2971014492753623,1,2.438073394495413,329.4496764545437,3.061926605504587,271.7178711837625,30,1,2.0,9.0,100000.0,1500000.0,80000.0,1200000.0,-0.1,-100000.0,1.172897,19.617994,1.158879,3.01405,False,0.9,0.5,-0.6,8
QURE,2024-07-08,True,True,IMPULSE_CONFIRMED,3.78,5.43,538800.2666666667,461430.5,False,2024-07-08,2024-07-07,2024-07-09,30,1,1,1,-0.0376818687430477,-0.0355473453749315,-1636.821357063404,1339.493979200876,True,0.9303797468354428,1.5172413793103448,0.7399577167019026,1.201178793843735,-0.3038674033149171,1,1.7645502645502646,165.02787273205365,2.677248677248677,198.2279811188856,30,1,2.0,9.0,100000.0,1500000.0,80000.0,1200000.0,-0.1,-100000.0,1.172897,19.617994,1.158879,3.01405,False,0.9,0.5,-0.6,8
CLRB,2024-07-21,True,False,CONFIRMATION_CLOSE_REJECTED,2.33,3.36,447769.7333333333,275596.5,False,2024-07-21,2024-07-18,2024-07-22,30,1,1,1,-0.028976640711902,-0.0292610837438423,-10904.055172413791,-11009.41899288451,True,0.7450980392156864,0.814569536423841,0.7567567567567569,1.7504610969921766,-0.3065476190476189,2,1.1984126984126984,25.94854403852224,0.9761904761904762,45.42191686302144,30,1,2.0,9.0,100000.0,1500000.0,80000.0,1200000.0,-0.1,-100000.0,1.172897,19.617994,1.158879,3.01405,False,0.9,0.5,-0.6,8
TWKS,2024-08-04,True,False,CONFIRMATION_RANGE_POSITION_REJECTED,2.37,3.56,811658.7333333333,533169.0,False,2024-08-04,2024-08-01,2024-08-05,30,1,1,1,0.0301935483870967,0.0297454844006566,-8003.040711902114,10021.1091954023,True,0.7777777777777724,1.0023201856148494,0.2857142857142911,0.2182520925143537,-0.1993243243243242,0,1.271386430678466,29.16508473268617,1.2743362831858407,6.365340771267189,30,1,2.0,9.0,100000.0,1500000.0,80000.0,1200000.0,-0.1,-100000.0,1.172897,19.617994,1.158879,3.01405,False,0.9,0.5,-0.6,8
ZVRA,2024-08-04,True,False,CONFIRMATION_RANGE_POSITION_REJECTED,4.26,6.59,610812.7,454737.0,False,2024-08-04,2024-08-01,2024-08-05,30,1,1,1,0.0781334816462733,0.0817733990147778,32504.95061179088,15772.611658456486,True,0.486238532110092,1.0,0.3333333333333327,0.1677209702642511,-0.1654021244309559,0,1.2507936507936508,23608.68870523416,1.2507936507936508,3959.67217630854,30,1,2.0,9.0,100000.0,1500000.0,80000.0,1200000.0,-0.1,-100000.0,1.172897,19.617994,1.158879,3.01405,False,0.9,0.5,-0.6,8
GTHX,2024-08-06,True,True,IMPULSE_CONFIRMED,2.2,4.29,1218607.4666666666,1029360.0,False,2024-08-06,2024-08-05,2024-08-07,30,1,1,1,0.0776017797552836,0.0793021346469622,-36364.07830923248,-4804.170498084292,False,0.3999999999999929,1.0042492917847026,0.8000000000000036,0.3491493431573417,-0.0792540792540792,0,1.6611764705882353,37.548424631756255,1.668235294117647,13.110007796770647,30,1,2.0,9.0,100000.0,1500000.0,80000.0,1200000.0,-0.1,-100000.0,1.172897,19.617994,1.158879,3.01405,False,0.9,0.5,-0.6,8
SWIM,2024-08-06,True,True,IMPULSE_CONFIRMED,2.63,3.81,383465.5333333333,303541.5,False,2024-08-06,2024-08-05,2024-08-07,30,1,1,1,0.0229588431590658,0.0215161466885606,13199.105228031143,7199.876299945266,True,0.5392156862745101,1.1477272727272725,0.8421052631578946,0.2173194559463198,-0.183727034120735,0,1.414790996784566,38.67033019091383,1.6237942122186495,8.40381511835394,30,1,2.0,9.0,100000.0,1500000.0,80000.0,1200000.0,-0.1,-100000.0,1.172897,19.617994,1.158879,3.01405,False,0.9,0.5,-0.6,8
SDIG,2024-08-20,True,False,CONFIRMATION_RANGE_POSITION_REJECTED,2.26,4.59,592791.8333333334,562410.5,False,2024-08-20,2024-08-19,2024-08-21,30,1,1,1,-0.0559977753058954,-0.0547619047619047,-3780.123915461624,-4856.197044334976,True,0.8701298701298695,0.9176029962546818,0.1296296296296301,0.0436291356095845,-0.5076252723311547,6,1.8225255972696244,125.221817993259,1.6723549488054608,5.463319678506611,30,1,2.0,9.0,100000.0,1500000.0,80000.0,1200000.0,-0.1,-100000.0,1.172897,19.617994,1.158879,3.01405,False,0.9,0.5,-0.6,8
VOXX,2024-08-26,True,True,IMPULSE_CONFIRMED,2.32,3.12,138563.1,113935.0,False,2024-08-26,2024-08-25,2024-08-27,30,1,1,1,0.0102758620689653,0.0091543513957307,-8140.895439377085,-6718.038314176245,True,0.5723270440251573,1.0709812108559498,0.6626506024096382,0.0787890577741971,-0.1714285714285714,0,1.6807017543859648,1977.7327330165244,1.7999999999999998,155.8236985635598,30,1,2.0,9.0,100000.0,1500000.0,80000.0,1200000.0,-0.1,-100000.0,1.172897,19.617994,1.158879,3.01405,False,0.9,0.5,-0.6,8
LUCY,2024-08-28,True,True,IMPULSE_CONFIRMED,3.31,6.2,154059.6,97084.0,False,2024-08-28,2024-08-27,2024-08-29,30,1,1,1,-0.0681890989988874,-0.0609469074986316,-7428.686985539488,-5565.018609742748,False,0.151111111111111,0.988212180746562,0.5375000000000003,0.0237919813060609,-0.4661290322580645,4,1.5377643504531722,602.2165159457822,1.5196374622356497,14.327924089583204,30,1,2.0,9.0,100000.0,1500000.0,80000.0,1200000.0,-0.1,-100000.0,1.172897,19.617994,1.158879,3.01405,False,0.9,0.5,-0.6,8
RLAY,2024-09-08,True,False,CONFIRMATION_RANGE_POSITION_REJECTED,6.24,8.94,847462.2333333333,826320.0,False,2024-09-08,2024-09-05,2024-09-09,30,1,1,1,-0.0519421579532815,-0.0424685276409412,-11746.430478309232,-9083.418171866448,True,0.5841924398625428,0.946372239747634,0.4487804878048778,0.3360172879456556,-0.3020134228187918,1,1.5240384615384617,23.18357795230386,1.4423076923076923,7.790082988409841,30,1,2.0,9.0,100000.0,1500000.0,80000.0,1200000.0,-0.1,-100000.0,1.172897,19.617994,1.158879,3.01405,False,0.9,0.5,-0.6,8
PLCE,2024-09-10,True,True,IMPULSE_CONFIRMED,4.86,8.04,341404.06666666665,318863.5,False,2024-09-10,2024-09-09,2024-09-11,30,1,1,1,-0.0969143492769745,-0.0940038314176246,-387.2191323692993,872.1313628899836,True,0.6944444444444445,1.2461538461538462,0.6719745222929937,0.2030030898561953,-0.3955223880597014,1,1.857142857142857,276.55698832294576,2.314285714285714,56.14192315088172,30,1,2.0,9.0,100000.0,1500000.0,80000.0,1200000.0,-0.1,-100000.0,1.172897,19.617994,1.158879,3.01405,False,0.9,0.5,-0.6,8
APLT,2024-09-17,True,False,CONFIRMATION_RANGE_POSITION_REJECTED,4.65,6.45,1133616.1666666667,1062230.5,False,2024-09-17,2024-09-16,2024-09-18,30,1,1,1,-0.0415884315906559,-0.0372030651340996,-6362.629365962181,-1897.980021893815,True,0.7128205128205126,1.019108280254777,0.1553398058252429,0.1868265788188659,-0.2790697674418604,2,1.6881720430107523,40.03801877795954,1.7204301075268815,7.480166070971694,30,1,2.0,9.0,100000.0,1500000.0,80000.0,1200000.0,-0.1,-100000.0,1.172897,19.617994,1.158879,3.01405,False,0.9,0.5,-0.6,8
CAPR,2024-09-23,True,False,CONFIRMATION_RANGE_POSITION_REJECTED,3.82,5.97,347351.2,251837.0,False,2024-09-23,2024-09-22,2024-09-24,30,1,1,1,0.0348631813125696,0.0259386973180077,14184.869855394883,8571.08648056924,True,0.9230769230769228,1.1362637362637362,0.148148148148148,1.376115335350424,-0.165644171779141,0,1.5242881072026802,20.92482327501043,1.7319932998324958,28.794970198239337,30,1,2.0,9.0,100000.0,1500000.0,80000.0,1200000.0,-0.1,-100000.0,1.172897,19.617994,1.158879,3.01405,False,0.9,0.5,-0.6,8
WVE,2024-09-23,True,True,IMPULSE_CONFIRMED,5.12,5.98,530892.1333333333,442143.5,False,2024-09-23,2024-09-22,2024-09-24,30,1,1,1,0.0018909899888765,0.0015325670498081,6685.305895439377,-458.3582375478927,True,0.9191919191919192,1.1001221001221002,0.5054347826086956,0.5589032413580146,-0.1307300509337859,0,1.5337078651685392,32.192162340641325,1.6872659176029965,17.992303878507844,30,1,2.0,9.0,100000.0,1500000.0,80000.0,1200000.0,-0.1,-100000.0,1.172897,19.617994,1.158879,3.01405,False,0.9,0.5,-0.6,8
TTEC,2024-09-29,True,False,CONFIRMATION_RANGE_POSITION_REJECTED,3.85,5.36,466308.7,458406.5,False,2024-09-29,2024-09-26,2024-09-30,30,1,1,1,-0.0216418242491654,-0.0190339354132458,-2635.7007786429367,-1104.0268199233717,True,0.9130434782608696,1.0187393526405453,0.285714285714286,0.1336775524831485,-0.2817164179104477,0,1.4493827160493828,62.18966186226542,1.4765432098765434,8.313361787502247,30,1,2.0,9.0,100000.0,1500000.0,80000.0,1200000.0,-0.1,-100000.0,1.172897,19.617994,1.158879,3.01405,False,0.9,0.5,-0.6,8
NAPA,2024-10-06,True,True,IMPULSE_CONFIRMED,5.4,6.6,1266358.2,1132869.5,False,2024-10-06,2024-10-03,2024-10-07,30,1,1,1,-0.0339199110122358,-0.0322030651340995,-10123.18042269188,-2140.19978106185,True,0.6428571428571392,1.0009132420091325,0.7500000000000111,0.2564540445007272,-0.1818181818181817,0,2.0277777777777777,30.424622383831988,2.0296296296296297,7.802517462741071,30,1,2.0,9.0,100000.0,1500000.0,80000.0,1200000.0,-0.1,-100000.0,1.172897,19.617994,1.158879,3.01405,False,0.9,0.5,-0.6,8
HEPS,2024-10-17,True,True,IMPULSE_CONFIRMED,2.15,2.7,504537.8,466246.0,False,2024-10-17,2024-10-16,2024-10-20,30,1,1,1,-0.0099644048943271,-0.0079748221127531,-12066.626473859844,-7126.665024630542,False,0.5304347826086956,1.0113960113960114,0.5217391304347812,0.1329281366279728,-0.2037037037037038,1,1.5954545454545452,66.89748518047331,1.6136363636363635,8.892558050137746,30,1,2.0,9.0,100000.0,1500000.0,80000.0,1200000.0,-0.1,-100000.0,1.172897,19.617994,1.158879,3.01405,False,0.9,0.5,-0.6,8
GLUE,2024-10-27,True,True,IMPULSE_CONFIRMED,4.8,6.48,498239.3333333333,201162.0,False,2024-10-27,2024-10-24,2024-10-28,30,1,1,1,-0.032749721913237,-0.0303968253968256,-14233.00022246941,-19349.894636015324,True,0.5328,0.9883966244725736,0.8717948717948715,0.0614994642542217,-0.2592592592592593,2,1.9386503067484664,1057.562008651077,1.916155419222904,65.03949694765987,30,1,2.0,9.0,100000.0,1500000.0,80000.0,1200000.0,-0.1,-100000.0,1.172897,19.617994,1.158879,3.01405,False,0.9,0.5,-0.6,8
CDXC,2024-10-31,True,False,CONFIRMATION_RANGE_POSITION_REJECTED,3.25,3.8,270082.3,238401.0,False,2024-10-31,2024-10-30,2024-11-03,30,1,1,1,-0.0065228031145715,-0.0059633278598795,-1448.1995550611791,-3663.9085933223855,True,0.944186046511628,0.9795221843003412,0.4634146341463416,0.1030623543533532,-0.1447368421052631,0,1.679083094555874,59.35380592068668,1.6446991404011462,6.117142978017967,30,1,2.0,9.0,100000.0,1500000.0,80000.0,1200000.0,-0.1,-100000.0,1.172897,19.617994,1.158879,3.01405,False,0.9,0.5,-0.6,8
OMER,2024-11-13,True,False,CONFIRMATION_RANGE_POSITION_REJECTED,3.77,4.55,230566.6,197020.5,False,2024-11-13,2024-11-12,2024-11-14,30,1,1,1,0.0198553948832034,0.018847837985769,5154.41468298109,3639.8418171866447,True,0.8193548387096775,0.9712230215827338,0.3650793650793653,0.1367696932911517,-0.0791208791208789,0,1.6587112171837708,27.373577831201004,1.610978520286396,3.7438758442548328,30,1,2.0,9.0,100000.0,1500000.0,80000.0,1200000.0,-0.1,-100000.0,1.172897,19.617994,1.158879,3.01405,False,0.9,0.5,-0.6,8
CRNC,2024-11-20,True,True,IMPULSE_CONFIRMED,2.77,3.44,949428.1333333332,952127.5,False,2024-11-20,2024-11-19,2024-11-21,30,1,1,1,-0.0027230255839821,-0.0053229337712096,-13603.311679644048,-8240.658182813355,True,0.8079470198675497,1.234991423670669,0.7883597883597886,0.2246643238343081,-0.1802325581395348,0,2.067375886524822,82.27731040704771,2.5531914893617023,18.484776309504856,30,1,2.0,9.0,100000.0,1500000.0,80000.0,1200000.0,-0.1,-100000.0,1.172897,19.617994,1.158879,3.01405,False,0.9,0.5,-0.6,8
HSAI,2024-11-25,True,False,CONFIRMATION_RANGE_POSITION_REJECTED,4.08,4.8,471923.3,416051.5,False,2024-11-25,2024-11-24,2024-11-26,30,1,1,1,-0.0040934371523916,-0.0017186644772851,10816.880756395996,5169.78297755884,True,0.508720930232558,1.0714285714285714,0.3191489361702124,0.2452211675301411,-0.1499999999999999,0,1.4442105263157896,22.24491203400237,1.5473684210526315,5.454923300583348,30,1,2.0,9.0,100000.0,1500000.0,80000.0,1200000.0,-0.1,-100000.0,1.172897,19.617994,1.158879,3.01405,False,0.9,0.5,-0.6,8
PSTX,2024-11-25,True,False,CONFIRMATION_RANGE_POSITION_REJECTED,2.37,3.71,515225.6,430690.0,False,2024-11-25,2024-11-24,2024-11-26,30,1,1,1,0.0210812013348164,0.0202079912424741,2781.169299221357,256.89463601532566,True,0.8125000000000041,0.9946695095948828,0.0,0.1110907699627646,-0.2803234501347709,2,3.27972027972028,105.97388857625212,3.2622377622377625,11.772720877884074,30,1,2.0,9.0,100000.0,1500000.0,80000.0,1200000.0,-0.1,-100000.0,1.172897,19.617994,1.158879,3.01405,False,0.9,0.5,-0.6,8
PSQH,2024-12-02,True,False,CONFIRMATION_CLOSE_REJECTED,2.01,3.3,309370.7,234919.5,False,2024-12-02,2024-12-01,2024-12-03,30,1,1,1,-0.0363359288097886,-0.0367870826491516,-3495.26829810901,-1102.7985769020252,True,0.9665071770334928,0.6225425950196593,0.1754385964912281,0.1625077257930674,-0.390909090909091,3,3.703883495145631,710.0942333408768,2.3058252427184467,115.39579895899767,30,1,2.0,9.0,100000.0,1500000.0,80000.0,1200000.0,-0.1,-100000.0,1.172897,19.617994,1.158879,3.01405,False,0.9,0.5,-0.6,8
VFS,2024-12-03,True,False,CONFIRMATION_RANGE_POSITION_REJECTED,3.71,4.26,915118.8,793817.5,False,2024-12-03,2024-12-02,2024-12-04,30,1,1,1,0.0041935483870965,0.0023371647509578,-29730.78576195773,-12593.117405582923,True,0.8253968253968256,0.9467455621301776,0.0517241379310349,0.3569868633062539,-0.1229314420803783,0,1.254950495049505,22.242363383484246,1.188118811881188,7.940231536787918,30,1,2.0,9.0,100000.0,1500000.0,80000.0,1200000.0,-0.1,-100000.0,1.172897,19.617994,1.158879,3.01405,False,0.9,0.5,-0.6,8
ANGO,2024-12-08,True,True,IMPULSE_CONFIRMED,6.68,7.44,379549.6666666667,382700.5,False,2024-12-08,2024-12-05,2024-12-09,30,1,1,1,0.0059065628476088,0.0062917350848385,-8088.56062291435,-6230.261083743842,True,0.6010101010101013,1.030127462340672,0.7727272727272744,0.2255240227425609,-0.0967741935483872,0,1.2328571428571429,26.408838438485702,1.27,5.955827480605668,30,1,2.0,9.0,100000.0,1500000.0,80000.0,1200000.0,-0.1,-100000.0,1.172897,19.617994,1.158879,3.01405,False,0.9,0.5,-0.6,8
CRDF,2024-12-09,True,False,CONFIRMATION_RANGE_POSITION_REJECTED,2.31,4.09,915980.7333333332,676826.0,False,2024-12-09,2024-12-08,2024-12-10,30,1,1,1,-0.0420800889877641,-0.0409496442255062,-35192.056062291435,-29574.642036124795,True,0.6063829787234039,0.978835978835979,0.1666666666666668,0.153349953473625,-0.4352078239608802,3,1.5491803278688523,106.18282839306762,1.5163934426229508,16.283131793774828,30,1,2.0,9.0,100000.0,1500000.0,80000.0,1200000.0,-0.1,-100000.0,1.172897,19.617994,1.158879,3.01405,False,0.9,0.5,-0.6,8
QURE,2024-12-09,True,True,IMPULSE_CONFIRMED,5.56,7.79,836472.3666666667,698151.0,False,2024-12-09,2024-12-08,2024-12-10,30,1,1,1,0.0043403781979974,0.0042309797482211,10778.662736373748,6846.007115489874,True,0.5446623093681917,1.022875816993464,0.6807692307692307,0.1039705734994623,-0.2682926829268293,3,2.095890410958904,89.66892538831134,2.143835616438356,9.322929597703231,30,1,2.0,9.0,100000.0,1500000.0,80000.0,1200000.0,-0.1,-100000.0,1.172897,19.617994,1.158879,3.01405,False,0.9,0.5,-0.6,8
CADL,2024-12-10,True,True,IMPULSE_CONFIRMED,3.8,5.46,518015.2333333333,455014.0,False,2024-12-10,2024-12-09,2024-12-11,30,1,1,1,-0.0188476084538375,-0.0169293924466339,22080.422024471634,19952.91762452108,False,0.1912632821723731,1.2645161290322582,0.6494845360824744,0.2963919585219879,-0.304029304029304,2,1.6811279826464207,137.8489002078746,2.125813449023861,40.857305512714014,30,1,2.0,9.0,100000.0,1500000.0,80000.0,1200000.0,-0.1,-100000.0,1.172897,19.617994,1.158879,3.01405,False,0.9,0.5,-0.6,8
IVAC,2024-12-11,True,False,CONFIRMATION_THRESHOLD_FAILED,2.51,3.36,134903.4,82245.0,False,2024-12-11,2024-12-10,2024-12-12,30,1,1,1,-0.0214416017797552,-0.0215243568691844,-1364.4382647385985,1194.6600985221676,True,0.4915254237288137,0.9942363112391932,0.6000000000000024,0.1166088802392677,-0.2529761904761904,1,1.226148409893993,19.95497549636517,1.2190812720848057,2.326927347833168,30,1,2.0,9.0,100000.0,1500000.0,80000.0,1200000.0,-0.1,-100000.0,1.172897,19.617994,1.158879,3.01405,False,0.9,0.5,-0.6,8
TRVI,2024-12-11,True,True,IMPULSE_CONFIRMED,2.49,3.1,533167.7333333333,358563.5,False,2024-12-11,2024-12-10,2024-12-12,30,1,1,1,-0.0141646273637375,-0.0128133552271484,2065.9755283648497,-3034.1349206349205,False,0.1452991452991453,1.1583333333333332,0.7924528301886787,0.065993542093534,-0.1967741935483871,0,1.4457831325301205,94.75853576709083,1.6746987951807226,6.253451418867162,30,1,2.0,9.0,100000.0,1500000.0,80000.0,1200000.0,-0.1,-100000.0,1.172897,19.617994,1.158879,3.01405,False,0.9,0.5,-0.6,8
BZUN,2024-12-15,True,False,CONFIRMATION_CLOSE_REJECTED,2.37,3.01,498233.3,431537.0,False,2024-12-15,2024-12-12,2024-12-16,30,1,1,1,-0.0062335928809789,-0.0046633825944169,11610.874972191325,5362.90065681445,True,0.9357798165137616,0.8513513513513513,0.2372881355932204,0.2775986070977027,-0.2126245847176079,1,1.3602941176470589,24.04522275326449,1.1580882352941175,6.674920343660209,30,1,2.0,9.0,100000.0,1500000.0,80000.0,1200000.0,-0.1,-100000.0,1.172897,19.617994,1.158879,3.01405,False,0.9,0.5,-0.6,8
SHCO,2024-12-18,True,False,CONFIRMATION_RANGE_POSITION_REJECTED,4.71,5.54,111214.56666666668,91672.0,False,2024-12-18,2024-12-17,2024-12-19,30,1,1,1,-0.0190567296996664,-0.0178461959496444,2021.9899888765287,1922.220853858785,False,0.0333333333333326,0.979224376731302,0.2450980392156863,0.1667937961119157,-0.1498194945848375,0,1.470468431771894,54.61143599740091,1.439918533604888,9.108848721129425,30,1,2.0,9.0,100000.0,1500000.0,80000.0,1200000.0,-0.1,-100000.0,1.172897,19.617994,1.158879,3.01405,False,0.9,0.5,-0.6,8
GETY,2025-01-06,True,False,CONFIRMATION_CLOSE_REJECTED,2.1,3.01,871864.1333333333,511264.5,False,2025-01-06,2025-01-05,2025-01-07,30,1,1,1,-0.0301290322580644,-0.0306787082649151,61301.24315906563,13778.28407224959,False,0.1392405063291137,0.8244514106583072,0.3469387755102038,0.1881444345298961,-0.3023255813953487,1,1.2412451361867705,39.03138718291293,1.0233463035019454,7.34353827044659,30,1,2.0,9.0,100000.0,1500000.0,80000.0,1200000.0,-0.1,-100000.0,1.172897,19.617994,1.158879,3.01405,False,0.9,0.5,-0.6,8
ACCD,2025-01-07,True,False,CONFIRMATION_RANGE_POSITION_REJECTED,3.27,3.86,978815.1333333332,782600.0,False,2025-01-07,2025-01-06,2025-01-09,30,1,1,1,-0.0133570634037818,-0.0131226053639845,-8824.070745272526,-9343.52818828681,False,0.2500000000000055,0.9956268221574344,0.0,0.4593375203707557,-0.1528497409326424,0,2.047761194029851,24.984011890613623,2.038805970149254,11.47609407074794,30,1,2.0,9.0,100000.0,1500000.0,80000.0,1200000.0,-0.1,-100000.0,1.172897,19.617994,1.158879,3.01405,False,0.9,0.5,-0.6,8
BTCS,2025-01-16,True,False,CONFIRMATION_RANGE_POSITION_REJECTED,2.37,3.93,545573.4,444242.0,False,2025-01-16,2025-01-15,2025-01-20,30,1,1,1,-0.0455283648498332,-0.0443650793650795,-32713.817130144605,-23620.75287356322,True,0.5681818181818182,0.9551820728291316,0.3287671232876715,0.3841452195666527,-0.3969465648854962,5,1.332089552238806,36.834731962769006,1.2723880597014925,14.1498861975167,30,1,2.0,9.0,100000.0,1500000.0,80000.0,1200000.0,-0.1,-100000.0,1.172897,19.617994,1.158879,3.01405,False,0.9,0.5,-0.6,8
GSIT,2025-01-16,True,False,CONFIRMATION_CLOSE_REJECTED,2.59,3.5,177737.56666666668,140456.0,False,2025-01-16,2025-01-15,2025-01-20,30,1,1,1,0.0071056729699666,0.0050383141762452,3252.2373748609566,4211.727148330597,True,0.525,0.8911392405063291,0.1538461538461539,0.0352578707297129,-0.2199999999999999,2,1.4363636363636365,346.6892789899214,1.28,12.22352578200402,30,1,2.0,9.0,100000.0,1500000.0,80000.0,1200000.0,-0.1,-100000.0,1.172897,19.617994,1.158879,3.01405,False,0.9,0.5,-0.6,8
RNAZ,2025-01-27,True,False,CONFIRMATION_CLOSE_REJECTED,3.18,7.89,909047.7,86351.5,False,2025-01-27,2025-01-26,2025-01-28,30,1,1,1,-0.0575261401557286,-0.0394116037219485,138096.8362625139,75918.1198686371,True,0.2396416573348264,0.8450704225352114,0.1618357487922705,0.0718738910425864,-0.5969581749049429,4,1.4553440702781844,57.39628877596417,1.2298682284040996,4.125294605732477,30,1,2.0,9.0,100000.0,1500000.0,80000.0,1200000.0,-0.1,-100000.0,1.172897,19.617994,1.158879,3.01405,False,0.9,0.5,-0.6,8
PACK,2025-01-28,True,False,CONFIRMATION_RANGE_POSITION_REJECTED,5.74,7.9,189889.53333333333,163885.0,False,2025-01-28,2025-01-27,2025-01-29,30,1,1,1,-0.0643537263626256,-0.062022441160372,432.6189098998888,1428.2200328407223,True,0.8950276243093925,0.903914590747331,0.0357142857142857,0.1653500888165982,-0.2734177215189873,0,1.4686411149825782,65.2921572275228,1.3275261324041812,10.796063996598187,30,1,2.0,9.0,100000.0,1500000.0,80000.0,1200000.0,-0.1,-100000.0,1.172897,19.617994,1.158879,3.01405,False,0.9,0.5,-0.6,8
XGN,2025-02-03,True,True,IMPULSE_CONFIRMED,3.0,5.52,166978.1,94870.0,False,2025-02-03,2025-02-02,2025-02-04,30,1,1,1,-0.0355394883203559,-0.0299370552818827,-2617.343937708565,-3786.806239737274,True,0.6764705882352939,1.061752988047809,0.6605504587155961,0.3809399164567178,-0.4565217391304347,3,1.2938144329896906,20.98266491218033,1.3737113402061856,7.993134618685279,30,1,2.0,9.0,100000.0,1500000.0,80000.0,1200000.0,-0.1,-100000.0,1.172897,19.617994,1.158879,3.01405,False,0.9,0.5,-0.6,8
ACB,2025-02-04,True,True,IMPULSE_CONFIRMED,3.46,4.7,735823.4333333333,665777.5,False,2025-02-04,2025-02-03,2025-02-05,30,1,1,1,-0.0291301446051169,-0.0281828133552271,2108.634705228031,4640.791735084838,True,0.7142857142857141,1.1638733705772812,0.712230215827338,0.303012841907786,-0.2638297872340426,0,1.4592391304347825,65.17204893434648,1.6983695652173911,19.747967760549624,30,1,2.0,9.0,100000.0,1500000.0,80000.0,1200000.0,-0.1,-100000.0,1.172897,19.617994,1.158879,3.01405,False,0.9,0.5,-0.6,8
AMPS,2025-02-05,True,True,IMPULSE_CONFIRMED,3.31,4.47,1310231.7333333334,992147.0,False,2025-02-05,2025-02-04,2025-02-06,30,1,1,1,-0.0129010011123471,-0.0113820470717022,-54165.72146829811,-27880.86644772852,False,0.1666666666666642,1.0,0.5,0.3102989882306741,-0.2595078299776285,0,1.2715404699738904,80.610567708197,1.2715404699738904,25.013377600553778,30,1,2.0,9.0,100000.0,1500000.0,80000.0,1200000.0,-0.1,-100000.0,1.172897,19.617994,1.158879,3.01405,False,0.9,0.5,-0.6,8
HKD,2025-02-05,True,False,CONFIRMATION_CLOSE_REJECTED,2.59,2.96,317751.6666666667,219929.0,False,2025-02-05,2025-02-04,2025-02-06,30,1,1,1,-0.0048320355951059,-0.0045894909688014,-9997.293437152392,-3273.9499178981937,True,0.7692307692307699,0.8781249999999999,0.2083333333333342,0.148754009824292,-0.125,0,1.207547169811321,60.83566485389518,1.060377358490566,9.049549087343662,30,1,2.0,9.0,100000.0,1500000.0,80000.0,1200000.0,-0.1,-100000.0,1.172897,19.617994,1.158879,3.01405,False,0.9,0.5,-0.6,8
ORMP,2025-02-10,True,False,CONFIRMATION_RANGE_POSITION_REJECTED,2.16,2.45,126960.8,117906.5,False,2025-02-10,2025-02-09,2025-02-11,30,1,1,1,-0.0091568409343714,-0.0092364532019704,-1872.5548387096767,121.62534209085932,True,0.4302325581395351,0.95,0.0740740740740741,0.132683001221865,-0.1183673469387754,0,1.19815668202765,51.74837358032859,1.1382488479262671,6.866129514988264,30,1,2.0,9.0,100000.0,1500000.0,80000.0,1200000.0,-0.1,-100000.0,1.172897,19.617994,1.158879,3.01405,False,0.9,0.5,-0.6,8
JTAI,2025-02-13,True,False,CONFIRMATION_CLOSE_REJECTED,2.34,4.63,153651.16666666666,138815.5,False,2025-02-13,2025-02-12,2025-02-17,30,1,1,1,-0.0772858731924358,-0.0776108374384235,-4648.544382647386,-4485.351943076081,True,0.3067092651757189,0.6733001658374792,0.1454545454545451,0.0247010185796108,-0.4946004319654428,3,2.3372093023255816,1112.2828292516572,1.573643410852713,27.47451883112731,30,1,2.0,9.0,100000.0,1500000.0,80000.0,1200000.0,-0.1,-100000.0,1.172897,19.617994,1.158879,3.01405,False,0.9,0.5,-0.6,8
PRFX,2025-02-17,True,True,IMPULSE_CONFIRMED,2.74,3.57,739823.2666666667,96821.5,False,2025-02-17,2025-02-13,2025-02-18,30,1,1,1,-0.0079488320355949,-0.0106622879036671,-7520.815127919911,-3370.9616858237546,False,0.1619047619047618,0.9353099730458222,0.6410256410256415,0.0118938934120066,-0.2103746397694524,3,1.3156028368794326,672.630848368522,1.2304964539007093,8.00019961612284,30,1,2.0,9.0,100000.0,1500000.0,80000.0,1200000.0,-0.1,-100000.0,1.172897,19.617994,1.158879,3.01405,False,0.9,0.5,-0.6,8
SLDB,2025-02-17,True,True,IMPULSE_CONFIRMED,2.88,4.14,791635.2,546378.0,False,2025-02-17,2025-02-13,2025-02-18,30,1,1,1,-0.0139065628476084,-0.0093404488232074,21848.82046718576,-72.00355774493705,False,0.1203703703703702,1.220754716981132,0.7055214723926377,0.2146094706515117,-0.3043478260869565,2,1.315136476426799,70.4834472308058,1.6054590570719602,15.126415299896998,30,1,2.0,9.0,100000.0,1500000.0,80000.0,1200000.0,-0.1,-100000.0,1.172897,19.617994,1.158879,3.01405,False,0.9,0.5,-0.6,8
BRDG,2025-02-23,True,False,CONFIRMATION_RANGE_POSITION_REJECTED,7.2,8.21,142170.26666666666,119270.0,False,2025-02-23,2025-02-20,2025-02-24,30,1,1,1,0.0170901001112347,0.0134783798576904,-5524.678086763071,-4055.065134099617,True,0.41025641025641,0.969811320754717,0.3188405797101435,0.3560641188117709,-0.0526315789473683,0,1.3383838383838385,39.71365920174932,1.297979797979798,14.14060906846185,30,1,2.0,9.0,100000.0,1500000.0,80000.0,1200000.0,-0.1,-100000.0,1.172897,19.617994,1.158879,3.01405,False,0.9,0.5,-0.6,8
XNET,2025-02-26,True,True,IMPULSE_CONFIRMED,2.02,3.55,275538.6666666667,234154.5,False,2025-02-26,2025-02-25,2025-02-27,30,1,1,1,0.0463448275862067,0.0463793103448274,8320.181090100112,6376.157361795293,False,0.1176470588235291,1.0265957446808511,0.818181818181818,0.0383598306092003,-0.2197183098591548,1,1.296551724137931,549.617595525305,1.331034482758621,21.08323786418672,30,1,2.0,9.0,100000.0,1500000.0,80000.0,1200000.0,-0.1,-100000.0,1.172897,19.617994,1.158879,3.01405,False,0.9,0.5,-0.6,8
ORGO,2025-02-27,True,False,CONFIRMATION_CLOSE_REJECTED,3.07,3.8,453447.7333333333,316288.0,False,2025-02-27,2025-02-26,2025-03-02,30,1,1,1,-0.0064938820912122,-0.0037712096332785,-2962.7621802002222,-11589.84455391352,True,0.9214876033057848,0.8711755233494364,0.0510948905109491,0.1011885038828983,-0.1921052631578947,0,2.022801302931596,39.21224842203569,1.7622149837133552,3.9678287517103343,30,1,2.0,9.0,100000.0,1500000.0,80000.0,1200000.0,-0.1,-100000.0,1.172897,19.617994,1.158879,3.01405,False,0.9,0.5,-0.6,8
CKPT,2025-03-09,True,False,CONFIRMATION_RANGE_POSITION_REJECTED,2.38,3.73,736066.4333333333,670301.5,False,2025-03-09,2025-03-06,2025-03-10,30,1,1,1,-0.0191657397107894,-0.0161959496442255,-5672.335706340378,-1965.0566502463053,False,0.1666666666666666,1.0050251256281406,0.2499999999999944,0.1672675850937134,-0.3619302949061662,1,1.611336032388664,99.97761177161972,1.6194331983805668,16.723013684475642,30,1,2.0,9.0,100000.0,1500000.0,80000.0,1200000.0,-0.1,-100000.0,1.172897,19.617994,1.158879,3.01405,False,0.9,0.5,-0.6,8
TRVI,2025-03-09,True,True,IMPULSE_CONFIRMED,3.86,4.8,809540.0,663343.0,False,2025-03-09,2025-03-06,2025-03-10,30,1,1,1,0.0201779755283647,0.019775588396278,28992.182869855395,26149.924740010945,False,0.2189349112426036,1.037891268533773,0.6410256410256409,0.0806864466150056,-0.1125,0,1.4116279069767443,54.052359939340064,1.4651162790697674,4.3612928546606335,30,1,2.0,9.0,100000.0,1500000.0,80000.0,1200000.0,-0.1,-100000.0,1.172897,19.617994,1.158879,3.01405,False,0.9,0.5,-0.6,8
TSVT,2025-03-10,True,True,IMPULSE_CONFIRMED,2.3,2.86,285544.36666666664,224739.5,False,2025-03-10,2025-03-09,2025-03-11,30,1,1,1,0.0056929922135706,0.0041954022988504,2765.4511679644047,3846.6778872468526,True,1.0,1.0,1.0,0.1507811463554978,-0.1605839416058395,1,1.767857142857143,53.945010417095,1.767857142857143,8.133890510848856,30,1,2.0,9.0,100000.0,1500000.0,80000.0,1200000.0,-0.1,-100000.0,1.172897,19.617994,1.158879,3.01405,False,0.9,0.5,-0.6,8
OPRX,2025-03-11,True,True,IMPULSE_CONFIRMED,4.14,6.64,118300.56666666668,114088.0,False,2025-03-11,2025-03-10,2025-03-12,30,1,1,1,-0.0409432703003337,-0.037400109469075,450.0780867630701,947.3527640941434,True,0.7566137566137567,1.1385350318471337,0.5828220858895707,0.1498154181443814,-0.3765060240963855,0,1.5169082125603863,103.11507991398716,1.7270531400966185,15.448228814305295,30,1,2.0,9.0,100000.0,1500000.0,80000.0,1200000.0,-0.1,-100000.0,1.172897,19.617994,1.158879,3.01405,False,0.9,0.5,-0.6,8
MGTX,2025-03-12,True,False,CONFIRMATION_RANGE_POSITION_REJECTED,6.09,7.31,315826.56666666665,305857.0,False,2025-03-12,2025-03-11,2025-03-13,30,1,1,1,0.0030344827586203,0.0066721401204158,5615.9196885428255,5390.313355227148,True,0.7798165137614677,0.9442424242424242,0.0857142857142855,0.2386763600917253,-0.1668946648426812,1,1.2870514820592824,23.08556944419026,1.2152886115444617,5.509979685584085,30,1,2.0,9.0,100000.0,1500000.0,80000.0,1200000.0,-0.1,-100000.0,1.172897,19.617994,1.158879,3.01405,False,0.9,0.5,-0.6,8
DATS,2025-03-24,True,False,CONFIRMATION_RANGE_POSITION_REJECTED,2.0,3.2,643897.5666666667,160103.5,False,2025-03-24,2025-03-23,2025-03-25,30,1,1,1,-0.0249454949944382,-0.0222961138478379,-69781.75372636263,-24669.99096880132,True,0.276094276094276,1.0,0.2558139534883718,0.0659324157455655,-0.375,4,1.7499999999999998,1052.122632624531,1.7499999999999998,69.36898682951953,30,1,2.0,9.0,100000.0,1500000.0,80000.0,1200000.0,-0.1,-100000.0,1.172897,19.617994,1.158879,3.01405,False,0.9,0.5,-0.6,8
QSG,2025-03-30,True,True,IMPULSE_CONFIRMED,2.31,3.42,124621.16666666669,80643.5,False,2025-03-30,2025-03-27,2025-03-31,30,1,1,1,0.019833147942158,0.0165134099616857,8271.59043381535,5664.532840722496,False,0.4062499999999996,1.6368159203980102,0.995726495726496,0.6045845736341691,-0.1115384615384615,0,1.175438596491228,27.222364041023404,1.9239766081871343,16.45822135705627,30,1,2.0,9.0,100000.0,1500000.0,80000.0,1200000.0,-0.1,-100000.0,1.172897,19.617994,1.158879,3.01405,False,0.9,0.5,-0.6,8
TTEC,2025-04-01,True,False,CONFIRMATION_CLOSE_REJECTED,3.12,3.86,411289.9,355720.5,False,2025-04-01,2025-03-31,2025-04-02,30,1,1,1,-0.0131279199110123,-0.0124493705528189,2746.9176863181315,832.6491516146689,True,0.6764705882352944,0.8917835671342685,0.1521739130434788,0.0718717803931757,-0.1917098445595854,0,1.525993883792049,26.77866476316348,1.3608562691131498,1.924630313080558,30,1,2.0,9.0,100000.0,1500000.0,80000.0,1200000.0,-0.1,-100000.0,1.172897,19.617994,1.158879,3.01405,False,0.9,0.5,-0.6,8
THRD,2025-04-13,True,True,IMPULSE_CONFIRMED,3.36,3.64,352830.0,345916.0,False,2025-04-13,2025-04-10,2025-04-14,30,1,1,1,-0.0001245828698553,-0.0006677613574164,-340.30656284760846,-756.7230432402846,False,0.5454545454545447,1.0058939096267192,0.6249999999999972,0.0503828214498557,-0.0718232044198895,0,1.3983516483516485,68.37469604303294,1.4065934065934065,3.444910102424287,30,1,2.0,9.0,100000.0,1500000.0,80000.0,1200000.0,-0.1,-100000.0,1.172897,19.617994,1.158879,3.01405,False,0.9,0.5,-0.6,8
RZLT,2025-04-22,True,False,CONFIRMATION_RANGE_POSITION_REJECTED,2.47,3.76,794787.9,669233.5,False,2025-04-22,2025-04-21,2025-04-23,30,1,1,1,-0.0329699666295882,-0.0315298303229338,4683.852947719689,-9175.673234811164,True,0.3333333333333336,0.9974811083123424,0.3673469387755107,0.1724444915002886,-0.3430851063829786,2,1.2765273311897107,25.82944084971309,1.2733118971061093,4.454144793065559,30,1,2.0,9.0,100000.0,1500000.0,80000.0,1200000.0,-0.1,-100000.0,1.172897,19.617994,1.158879,3.01405,False,0.9,0.5,-0.6,8
LFMD,2025-04-28,True,False,CONFIRMATION_CLOSE_REJECTED,4.82,6.1,740514.3333333334,710117.5,False,2025-04-28,2025-04-27,2025-04-29,30,1,1,1,-0.0045072302558401,-0.0011877394636015,-16452.686095661848,-11984.55281882868,True,0.9580838323353292,0.8538283062645012,0.0571428571428576,0.194519104622576,-0.2098360655737704,0,1.4131147540983606,39.23902657040965,1.2065573770491804,7.632740314737555,30,1,2.0,9.0,100000.0,1500000.0,80000.0,1200000.0,-0.1,-100000.0,1.172897,19.617994,1.158879,3.01405,False,0.9,0.5,-0.6,8
CURI,2025-05-06,True,False,CONFIRMATION_RANGE_POSITION_REJECTED,2.37,3.54,233581.6,200614.0,False,2025-05-06,2025-05-05,2025-05-07,30,1,1,1,0.0297975528364849,0.0301395730706076,4168.151724137931,3484.44061302682,True,0.3909090909090907,0.9654427645788336,0.0454545454545445,0.1068498093622228,-0.242811501597444,2,1.403030303030303,53.96680611584242,1.3545454545454545,5.766342945365805,30,1,2.0,9.0,100000.0,1500000.0,80000.0,1200000.0,-0.1,-100000.0,1.172897,19.617994,1.158879,3.01405,False,0.9,0.5,-0.6,8
LSEA,2025-05-12,True,False,CONFIRMATION_RANGE_POSITION_REJECTED,5.64,7.02,292738.56666666665,222157.0,False,2025-05-12,2025-05-11,2025-05-13,30,1,1,1,0.0075661846496105,0.00019978106185,4717.983759733037,-823.2755883962781,True,1.0,0.9946761313220942,0.0,0.2736754965189893,-0.1214953271028037,1,1.6054131054131056,39.324446372613686,1.596866096866097,10.762137386359422,30,1,2.0,9.0,100000.0,1500000.0,80000.0,1200000.0,-0.1,-100000.0,1.172897,19.617994,1.158879,3.01405,False,0.9,0.5,-0.6,8
BLUE,2025-05-13,True,False,CONFIRMATION_RANGE_POSITION_REJECTED,3.29,5.25,306533.8333333333,153521.0,False,2025-05-13,2025-05-12,2025-05-14,30,1,1,1,-0.057305895439377,-0.0549507389162561,7861.597107897664,-9645.721127531471,True,0.7500000000000056,0.9979919678714858,0.0,0.0747982329395156,-0.3733333333333333,0,1.5045317220543808,33.9738282925493,1.5015105740181267,2.54118232247321,30,1,2.0,9.0,100000.0,1500000.0,80000.0,1200000.0,-0.1,-100000.0,1.172897,19.617994,1.158879,3.01405,False,0.9,0.5,-0.6,8
NEGG,2025-06-04,True,False,CONFIRMATION_RANGE_POSITION_REJECTED,3.5,7.99,240123.56666666668,103322.5,False,2025-06-04,2025-06-03,2025-06-05,30,1,1,1,0.1042113459399333,0.1090640394088669,13234.128809788654,13494.048166392991,True,0.6079545454545454,0.9876543209876544,0.3415637860082305,0.1122490190769073,-0.3942428035043804,2,1.6767515923566878,55.825652214862025,1.6560509554140128,6.266374700446844,30,1,2.0,9.0,100000.0,1500000.0,80000.0,1200000.0,-0.1,-100000.0,1.172897,19.617994,1.158879,3.01405,False,0.9,0.5,-0.6,8
ALAR,2025-06-08,True,False,CONFIRMATION_RANGE_POSITION_REJECTED,6.47,8.24,115321.03333333334,107214.0,False,2025-06-08,2025-06-05,2025-06-09,30,1,1,1,0.0344315906562848,0.0332019704433493,2756.4998887652946,2676.586480569239,True,0.8454106280193235,0.9876434245366283,0.1090909090909088,0.3432363981845313,-0.1796116504854369,1,1.3970406905055488,35.457524716221165,1.379778051787916,12.17031307213475,30,1,2.0,9.0,100000.0,1500000.0,80000.0,1200000.0,-0.1,-100000.0,1.172897,19.617994,1.158879,3.01405,False,0.9,0.5,-0.6,8
CVAC,2025-06-11,True,True,IMPULSE_CONFIRMED,3.36,4.7,697655.2,621254.5,False,2025-06-11,2025-06-10,2025-06-12,30,1,1,1,0.0453793103448275,0.0466174055829228,1086.2291434927697,3623.169403393541,True,0.6756756756756754,0.9946428571428572,0.6538461538461541,0.2107015307723309,-0.1340425531914894,1,1.3759213759213758,55.012449624928976,1.3685503685503686,11.591207347508275,30,1,2.0,9.0,100000.0,1500000.0,80000.0,1200000.0,-0.1,-100000.0,1.172897,19.617994,1.158879,3.01405,False,0.9,0.5,-0.6,8
SAGE,2025-06-15,True,True,IMPULSE_CONFIRMED,6.38,7.3,761909.3,735540.0,False,2025-06-15,2025-06-12,2025-06-16,30,1,1,1,-0.0075394883203556,-0.0057115489874114,-13213.520578420466,-8045.8587848932675,False,0.5789473684210511,1.0055126791620723,0.8181818181818079,0.1495092586535241,-0.126027397260274,0,1.353731343283582,42.66623776629925,1.361194029850746,6.378997577974396,30,1,2.0,9.0,100000.0,1500000.0,80000.0,1200000.0,-0.1,-100000.0,1.172897,19.617994,1.158879,3.01405,False,0.9,0.5,-0.6,8
CORZW,2025-06-25,True,True,IMPULSE_CONFIRMED,5.16,6.97,336679.8333333333,216601.5,False,2025-06-25,2025-06-24,2025-06-26,30,1,1,1,0.044449388209121,0.0442665571975916,-11289.622024471637,-11401.991516146689,True,0.8991031390134531,1.0355380059230008,0.636363636363637,0.3693828309457376,-0.1807747489239598,1,1.5608628659476118,19.8387500791579,1.6163328197226503,7.328093666664321,30,1,2.0,9.0,100000.0,1500000.0,80000.0,1200000.0,-0.1,-100000.0,1.172897,19.617994,1.158879,3.01405,False,0.9,0.5,-0.6,8
WBUY,2025-06-29,True,False,CONFIRMATION_CLOSE_REJECTED,4.6,7.32,1364843.2333333334,83984.0,False,2025-06-29,2025-06-26,2025-06-30,30,1,1,1,-0.0039888765294771,0.0038122605363981,9981.089432703004,1450.8461959496442,False,0.5434298440979957,0.8641655886157826,0.7572815533980581,0.0211089209698064,-0.371584699453552,6,1.3730017761989344,541.438350636487,1.1865008880994672,11.429179353607983,30,1,2.0,9.0,100000.0,1500000.0,80000.0,1200000.0,-0.1,-100000.0,1.172897,19.617994,1.158879,3.01405,False,0.9,0.5,-0.6,8
VVOS,2025-06-30,True,False,CONFIRMATION_RANGE_POSITION_REJECTED,2.08,3.37,212137.06666666668,137896.5,False,2025-06-30,2025-06-29,2025-07-01,30,1,1,1,0.0285962180200222,0.0255199781061851,8464.827141268075,1634.951833607006,False,0.2831858407079649,0.9896640826873384,0.2982456140350874,0.0404618971844129,-0.1811023622047244,1,1.2246835443037976,227.336732792768,1.2120253164556962,9.198475508501348,30,1,2.0,9.0,100000.0,1500000.0,80000.0,1200000.0,-0.1,-100000.0,1.172897,19.617994,1.158879,3.01405,False,0.9,0.5,-0.6,8
THTX,2025-07-02,True,True,IMPULSE_CONFIRMED,2.3,2.65,130021.66666666669,120781.0,False,2025-07-02,2025-07-01,2025-07-06,30,1,1,1,-0.0102602892102334,-0.0100793650793651,-75.7503893214683,131.09906951286263,True,1.0,0.990625,0.7499999999999944,0.4675320051544961,-0.1320754716981133,0,1.355932203389831,173.4162629928242,1.3432203389830508,81.07765316343453,30,1,2.0,9.0,100000.0,1500000.0,80000.0,1200000.0,-0.1,-100000.0,1.172897,19.617994,1.158879,3.01405,False,0.9,0.5,-0.6,8
BTCS,2025-07-07,True,False,CONFIRMATION_CLOSE_REJECTED,2.12,3.31,1317626.5,738649.5,False,2025-07-07,2025-07-06,2025-07-08,30,1,1,1,-0.0255261401557285,-0.0234674329501916,24792.54660734149,-21891.54105090312,True,0.9138461538461538,0.7055837563451777,0.1307692307692307,0.1851463310966984,-0.3595166163141994,3,2.1107142857142858,33.64629322275262,1.4892857142857143,6.229487745196358,30,1,2.0,9.0,100000.0,1500000.0,80000.0,1200000.0,-0.1,-100000.0,1.172897,19.617994,1.158879,3.01405,False,0.9,0.5,-0.6,8
ACHV,2025-07-13,True,False,CONFIRMATION_RANGE_POSITION_REJECTED,2.07,4.21,1040458.1333333332,443316.0,False,2025-07-13,2025-07-10,2025-07-14,30,1,1,1,-0.062349276974416,-0.0612534209085932,56920.42625139043,27580.41570881226,True,0.7837837837837837,0.96,0.4615384615384618,0.3545514662462555,-0.5083135391923991,2,1.185344827586207,20.266364221889088,1.137931034482759,7.18546915035143,30,1,2.0,9.0,100000.0,1500000.0,80000.0,1200000.0,-0.1,-100000.0,1.172897,19.617994,1.158879,3.01405,False,0.9,0.5,-0.6,8
CIO,2025-07-23,True,False,CONFIRMATION_RANGE_POSITION_REJECTED,5.29,5.81,128415.4,112215.5,False,2025-07-23,2025-07-22,2025-07-24,30,1,1,1,0.0078976640711897,0.0066283524904213,-262.84849833147945,589.0848385331144,False,0.4000000000000107,1.0,0.2500000000000166,0.1407160681480175,-0.0705679862306367,0,1.2410071942446044,109.35283667059284,1.2410071942446044,15.387701217118178,30,1,2.0,9.0,100000.0,1500000.0,80000.0,1200000.0,-0.1,-100000.0,1.172897,19.617994,1.158879,3.01405,False,0.9,0.5,-0.6,8
CREV,2025-07-24,True,False,CONFIRMATION_RANGE_POSITION_REJECTED,2.2,5.32,486215.8,106490.5,False,2025-07-24,2025-07-23,2025-07-27,30,1,1,1,0.0824404894327029,0.0825150519978107,-17258.63448275862,-7151.585659551177,True,0.7177033492822967,1.1038696537678208,0.1692307692307691,1.315023169560404,-0.3515037593984962,5,1.4231884057971014,48.37923924518343,1.5710144927536231,63.619820533122194,30,1,2.0,9.0,100000.0,1500000.0,80000.0,1200000.0,-0.1,-100000.0,1.172897,19.617994,1.158879,3.01405,False,0.9,0.5,-0.6,8
SOGP,2025-08-04,True,True,IMPULSE_CONFIRMED,2.63,6.3,183695.36666666667,104857.5,False,2025-08-04,2025-08-03,2025-08-05,30,1,1,1,0.0251968854282539,0.0102490421455939,-17787.672747497218,-8651.623700054735,True,0.8161764705882352,0.9928571428571428,0.7234042553191476,0.1124166188726819,-0.2936507936507936,4,1.2017167381974247,34.95060948081264,1.1931330472103003,3.92902934537246,30,1,2.0,9.0,100000.0,1500000.0,80000.0,1200000.0,-0.1,-100000.0,1.172897,19.617994,1.158879,3.01405,False,0.9,0.5,-0.6,8
YMAB,2025-08-04,True,True,IMPULSE_CONFIRMED,4.19,5.13,188900.8333333333,153906.5,False,2025-08-04,2025-08-03,2025-08-05,30,1,1,1,-0.0016818687430478,0.0051669403393542,3711.7626251390434,-370.1365626710455,False,0.5,1.0,1.0,0.1274279699559347,-0.1832358674463936,0,2.033412887828162,26.22343019551601,2.033412887828162,3.341598475095765,30,1,2.0,9.0,100000.0,1500000.0,80000.0,1200000.0,-0.1,-100000.0,1.172897,19.617994,1.158879,3.01405,False,0.9,0.5,-0.6,8
AVAH,2025-08-06,True,True,IMPULSE_CONFIRMED,3.74,5.23,444628.5,382295.5,False,2025-08-06,2025-08-05,2025-08-07,30,1,1,1,-0.0393392658509453,-0.0372577996715929,-10209.10278086763,-6353.556923918993,True,0.6020408163265302,1.0567986230636832,0.5616438356164377,0.1733058081657997,-0.2848948374760994,1,1.4935732647814908,29.46412068524674,1.5784061696658096,5.106303247251343,30,1,2.0,9.0,100000.0,1500000.0,80000.0,1200000.0,-0.1,-100000.0,1.172897,19.617994,1.158879,3.01405,False,0.9,0.5,-0.6,8
VVPR,2025-08-07,True,True,IMPULSE_CONFIRMED,3.59,6.87,1381071.5333333334,888785.0,False,2025-08-07,2025-08-06,2025-08-10,30,1,1,1,-0.0133170189098998,-0.0255993431855501,882.6046718576196,-7900.812534209086,True,0.6402439024390241,1.1647058823529413,0.5871559633027529,0.5883586179958386,-0.4672489082969432,5,1.3212435233160622,21.77953361080556,1.5388601036269431,12.814176295847473,30,1,2.0,9.0,100000.0,1500000.0,80000.0,1200000.0,-0.1,-100000.0,1.172897,19.617994,1.158879,3.01405,False,0.9,0.5,-0.6,8
TLS,2025-08-10,True,True,IMPULSE_CONFIRMED,2.38,3.25,730247.4333333333,684682.0,False,2025-08-10,2025-08-07,2025-08-11,30,1,1,1,-0.0247986651835372,-0.0239299397920086,-32994.16129032258,-24940.65353037767,True,0.945945945945946,1.3540051679586564,0.9597315436241614,0.6860799184677064,-0.2676923076923077,0,1.6260504201680674,30.42389599457384,2.201680672268908,20.8732240834272,30,1,2.0,9.0,100000.0,1500000.0,80000.0,1200000.0,-0.1,-100000.0,1.172897,19.617994,1.158879,3.01405,False,0.9,0.5,-0.6,8
WOW,2025-08-11,True,True,IMPULSE_CONFIRMED,3.17,4.17,377357.8333333333,328675.5,False,2025-08-11,2025-08-10,2025-08-12,30,1,1,1,-0.0342157953281422,-0.0343897099069511,17391.143715239155,13043.13929939792,False,0.2857142857142911,1.005952380952381,0.7500000000000056,0.1613314118811159,-0.2398081534772181,0,1.4911242603550297,38.03480299527504,1.5000000000000002,6.13620846784782,30,1,2.0,9.0,100000.0,1500000.0,80000.0,1200000.0,-0.1,-100000.0,1.172897,19.617994,1.158879,3.01405,False,0.9,0.5,-0.6,8
IMRX,2025-08-20,True,True,IMPULSE_CONFIRMED,3.04,4.42,455943.3333333333,374509.5,False,2025-08-20,2025-08-19,2025-08-21,30,1,1,1,-0.0404938820912125,-0.0399397920087575,-14208.228698553949,-11828.406130268198,True,0.9299999999999996,1.0561555075593951,0.8124999999999987,0.1959544356615871,-0.3122171945701357,0,1.3498542274052476,38.99063098785655,1.4256559766763848,7.640387091314624,30,1,2.0,9.0,100000.0,1500000.0,80000.0,1200000.0,-0.1,-100000.0,1.172897,19.617994,1.158879,3.01405,False,0.9,0.5,-0.6,8
PTIX,2025-08-20,True,True,IMPULSE_CONFIRMED,2.28,3.74,120213.56666666668,93863.0,False,2025-08-20,2025-08-19,2025-08-21,30,1,1,1,-0.0369922135706342,-0.0339189928845101,-3286.60978865406,-5609.65763546798,True,0.2679245283018867,0.995305164319249,0.7848101265822786,0.0149499835941028,-0.3903743315508022,1,1.868421052631579,2401.330314484427,1.8596491228070176,35.89984880556396,30,1,2.0,9.0,100000.0,1500000.0,80000.0,1200000.0,-0.1,-100000.0,1.172897,19.617994,1.158879,3.01405,False,0.9,0.5,-0.6,8
BHR,2025-08-26,True,False,CONFIRMATION_RANGE_POSITION_REJECTED,2.07,2.54,186944.6,169621.0,False,2025-08-26,2025-08-25,2025-08-27,30,1,1,1,-0.0125361512791991,-0.012200328407225,4030.350611790879,2328.202517788725,True,0.3728813559322035,0.989010989010989,0.2222222222222227,0.1547050266942389,-0.1850393700787402,0,1.2133333333333334,23.97280414384324,1.2000000000000002,3.7087133050090286,30,1,2.0,9.0,100000.0,1500000.0,80000.0,1200000.0,-0.1,-100000.0,1.172897,19.617994,1.158879,3.01405,False,0.9,0.5,-0.6,8
XAIR,2025-09-07,True,False,CONFIRMATION_CLOSE_REJECTED,2.06,3.4,326841.5,132917.5,False,2025-09-07,2025-08-28,2025-09-08,30,1,1,1,-0.0455350389321468,-0.0460262725779965,-30449.021802002226,-4167.746579091407,True,0.3636363636363636,0.7673716012084593,0.0416666666666667,0.0192957157057733,-0.3941176470588234,1,1.4909909909909909,6141.606589498893,1.144144144144144,118.50669472767515,30,1,2.0,9.0,100000.0,1500000.0,80000.0,1200000.0,-0.1,-100000.0,1.172897,19.617994,1.158879,3.01405,False,0.9,0.5,-0.6,8
VMEO,2025-09-09,True,False,CONFIRMATION_RANGE_POSITION_REJECTED,3.65,4.81,1384521.433333333,1108388.0,False,2025-09-09,2025-09-08,2025-09-10,30,1,1,1,0.0153370411568409,0.0109414340448822,10186.636040044494,-3146.7389162561576,True,0.4285714285714304,0.9974160206718344,0.1666666666666642,0.4273460546766465,-0.1288782816229118,0,1.6091476091476091,26.502386621489663,1.604989604989605,11.325690362208748,30,1,2.0,9.0,100000.0,1500000.0,80000.0,1200000.0,-0.1,-100000.0,1.172897,19.617994,1.158879,3.01405,False,0.9,0.5,-0.6,8
GLUE,2025-09-14,True,False,CONFIRMATION_RANGE_POSITION_REJECTED,4.19,5.58,386015.76666666666,379836.5,False,2025-09-14,2025-09-11,2025-09-15,30,1,1,1,-0.0080622914349275,-0.003790366721401,-6529.161957730812,-5323.682813355227,False,0.6492537313432833,0.9336219336219336,0.0202020202020197,0.1138695885405459,-0.2491039426523297,2,1.4407484407484408,102.44326160888625,1.3451143451143452,11.66517204815538,30,1,2.0,9.0,100000.0,1500000.0,80000.0,1200000.0,-0.1,-100000.0,1.172897,19.617994,1.158879,3.01405,False,0.9,0.5,-0.6,8
RCEL,2025-09-14,True,True,IMPULSE_CONFIRMED,4.17,5.8,382740.43333333335,273785.0,False,2025-09-14,2025-09-11,2025-09-15,30,1,1,1,-0.0476885428253614,-0.0460563765736179,-7058.137708565072,-6201.495894909688,True,0.7763975155279501,0.9245562130177516,0.6031746031746031,0.0495743918813055,-0.2810344827586206,2,1.4824561403508774,66.73337219688138,1.3706140350877194,3.3082663448492164,30,1,2.0,9.0,100000.0,1500000.0,80000.0,1200000.0,-0.1,-100000.0,1.172897,19.617994,1.158879,3.01405,False,0.9,0.5,-0.6,8
BEEM,2025-09-17,True,False,CONFIRMATION_THRESHOLD_FAILED,2.12,2.92,196492.53333333333,170297.0,False,2025-09-17,2025-09-16,2025-09-18,30,1,1,1,0.0094549499443827,0.0082594417077175,1411.022469410456,1286.5722495894909,True,0.5999999999999998,0.9046052631578948,0.5384615384615384,0.0531104380154098,-0.1952054794520548,1,1.2015810276679844,117.66252100840336,1.0869565217391306,6.24910802875367,30,1,2.0,9.0,100000.0,1500000.0,80000.0,1200000.0,-0.1,-100000.0,1.172897,19.617994,1.158879,3.01405,False,0.9,0.5,-0.6,8
AGRI,2025-09-21,True,False,CONFIRMATION_CLOSE_REJECTED,2.23,4.23,601132.4333333333,107965.0,False,2025-09-21,2025-09-18,2025-09-22,30,1,1,1,-0.0481090100111233,-0.0437794198139025,-18758.72146829811,-32537.46661193213,False,0.1619537275064269,0.7347294938917975,0.1250000000000002,0.0229012326942483,-0.4728132387706856,4,2.3775933609958506,2837.624109152288,1.746887966804979,64.98509002250563,30,1,2.0,9.0,100000.0,1500000.0,80000.0,1200000.0,-0.1,-100000.0,1.172897,19.617994,1.158879,3.01405,False,0.9,0.5,-0.6,8
AMPY,2025-09-24,True,False,CONFIRMATION_RANGE_POSITION_REJECTED,3.45,4.8,538827.5,483099.5,False,2025-09-24,2025-09-23,2025-09-25,30,1,1,1,0.0298331479421577,0.0259852216748769,-11045.79065628476,-6561.627805145046,True,0.6380952380952382,1.0393835616438356,0.2131147540983606,0.5532314728568433,-0.0990338164251206,1,1.2166666666666668,26.18488428724162,1.2645833333333334,14.486302100816694,30,1,2.0,9.0,100000.0,1500000.0,80000.0,1200000.0,-0.1,-100000.0,1.172897,19.617994,1.158879,3.01405,False,0.9,0.5,-0.6,8
SYTA,2025-10-02,True,True,IMPULSE_CONFIRMED,2.24,3.22,343470.7,299502.5,False,2025-10-02,2025-10-01,2025-10-05,30,1,1,1,-0.0275728587319243,-0.0263218390804596,-13618.825139043382,-10046.980021893814,True,0.5679012345679014,0.9534161490683228,0.6458333333333329,0.0775488559956918,-0.3043478260869565,1,1.3760683760683765,120.53241313547636,1.311965811965812,9.347150749056292,30,1,2.0,9.0,100000.0,1500000.0,80000.0,1200000.0,-0.1,-100000.0,1.172897,19.617994,1.158879,3.01405,False,0.9,0.5,-0.6,8
LXEO,2025-10-06,True,False,CONFIRMATION_RANGE_POSITION_REJECTED,4.66,6.77,618873.5,401776.0,False,2025-10-06,2025-10-05,2025-10-07,30,1,1,1,0.0770789766407121,0.0788998357963876,18609.85828698553,5315.1349206349205,True,0.4599999999999996,0.9628297362110312,0.363636363636363,0.1321391550353031,-0.0567765567765566,0,1.2890262751159196,36.64461863221733,1.241112828438949,4.842188942652124,30,1,2.0,9.0,100000.0,1500000.0,80000.0,1200000.0,-0.1,-100000.0,1.172897,19.617994,1.158879,3.01405,False,0.9,0.5,-0.6,8
ATXS,2025-10-13,True,True,IMPULSE_CONFIRMED,6.18,8.47,416040.13333333336,366265.0,False,2025-10-13,2025-10-12,2025-10-14,30,1,1,1,0.0448431590656283,0.0376299945265459,6137.090989988877,6308.124794745484,False,0.125,1.0267011197243756,0.6969696969696981,0.4244099473407474,-0.1007653061224489,0,1.3707201889020069,114.26964273351554,1.4073199527744982,48.49717305517735,30,1,2.0,9.0,100000.0,1500000.0,80000.0,1200000.0,-0.1,-100000.0,1.172897,19.617994,1.158879,3.01405,False,0.9,0.5,-0.6,8
FOSL,2025-10-14,True,False,CONFIRMATION_CLOSE_REJECTED,2.28,3.16,433754.7333333333,389636.5,False,2025-10-14,2025-10-13,2025-10-15,30,1,1,1,-0.0242269187986651,-0.0239956212370004,-1671.539043381535,-724.0457033388068,True,0.5937499999999999,0.7040000000000001,0.528301886792453,0.6886397730779366,-0.2784810126582279,0,1.4150943396226416,37.00445521136452,0.9962264150943396,25.482739639626725,30,1,2.0,9.0,100000.0,1500000.0,80000.0,1200000.0,-0.1,-100000.0,1.172897,19.617994,1.158879,3.01405,False,0.9,0.5,-0.6,8
OMER,2025-10-14,True,True,IMPULSE_CONFIRMED,4.03,4.61,875574.7,766213.0,False,2025-10-14,2025-10-13,2025-10-15,30,1,1,1,0.0060088987764182,0.0046168582375478,15465.961512791991,16148.111111111111,False,0.4226804123711341,0.9433781190019194,0.6241134751773054,0.0892311674981997,-0.1106290672451194,1,2.5414634146341464,170.97523552684788,2.3975609756097565,15.256319879340309,30,1,2.0,9.0,100000.0,1500000.0,80000.0,1200000.0,-0.1,-100000.0,1.172897,19.617994,1.158879,3.01405,False,0.9,0.5,-0.6,8
ELWS,2025-10-15,True,True,IMPULSE_CONFIRMED,2.0,3.79,153193.73333333334,81664.0,False,2025-10-15,2025-10-14,2025-10-16,30,1,1,1,0.0434260289210232,0.0398440065681444,-437.1452725250278,-241.91735084838533,True,0.2434077079107504,0.9058823529411766,0.9548872180451132,0.0172120939329055,-0.2125984251968504,4,1.3858695652173911,289.39713612138,1.2554347826086956,4.981130690835038,30,1,2.0,9.0,100000.0,1500000.0,80000.0,1200000.0,-0.1,-100000.0,1.172897,19.617994,1.158879,3.01405,False,0.9,0.5,-0.6,8
GSIT,2025-10-19,True,False,CONFIRMATION_CLOSE_REJECTED,2.94,5.31,244482.53333333333,170633.0,False,2025-10-19,2025-10-16,2025-10-20,30,1,1,1,0.0755194660734146,0.0744143404488233,10474.60511679644,10276.211822660098,True,0.5208140610545793,0.8373168851195064,0.0412213740458014,0.5355444240331636,-0.0898203592814371,0,2.5531496062992125,273.3183126873625,2.137795275590551,146.37409834586967,30,1,2.0,9.0,100000.0,1500000.0,80000.0,1200000.0,-0.1,-100000.0,1.172897,19.617994,1.158879,3.01405,False,0.9,0.5,-0.6,8
APDN,2025-10-21,True,False,CONFIRMATION_CLOSE_REJECTED,2.32,5.62,814901.0333333333,83799.5,False,2025-10-21,2025-10-20,2025-10-23,30,1,1,1,0.0555461624026694,0.0494417077175697,30885.67497219132,18804.343732895457,False,0.217142857142857,0.7875,0.0789473684210521,0.0058918953654811,-0.3914590747330961,6,1.4035087719298245,1043.6809817120843,1.1052631578947367,6.149259139190297,30,1,2.0,9.0,100000.0,1500000.0,80000.0,1200000.0,-0.1,-100000.0,1.172897,19.617994,1.158879,3.01405,False,0.9,0.5,-0.6,8
VTYX,2025-10-22,True,False,CONFIRMATION_CLOSE_REJECTED,2.3,4.0,1395213.1,1025552.0,False,2025-10-22,2025-10-21,2025-10-23,30,1,1,1,0.0667141268075641,0.0690311986863711,26874.221357063405,23642.55528188287,False,0.0393700787401573,0.8803030303030303,0.0573770491803273,0.1076690933616881,-0.1055276381909547,0,1.709844559585492,40.66403957788568,1.505181347150259,4.378260273774754,30,1,2.0,9.0,100000.0,1500000.0,80000.0,1200000.0,-0.1,-100000.0,1.172897,19.617994,1.158879,3.01405,False,0.9,0.5,-0.6,8
VIOT,2025-10-23,True,False,CONFIRMATION_RANGE_POSITION_REJECTED,2.49,3.54,306136.8,280259.0,False,2025-10-23,2025-10-22,2025-10-26,30,1,1,1,-0.027957730812013,-0.0267268746579091,-1933.1519466073407,-2373.73754789272,True,0.5,0.9230769230769232,0.1458333333333339,0.0889581938437256,-0.2966101694915254,2,1.207142857142857,178.8351996846613,1.1142857142857143,15.908856359629477,30,1,2.0,9.0,100000.0,1500000.0,80000.0,1200000.0,-0.1,-100000.0,1.172897,19.617994,1.158879,3.01405,False,0.9,0.5,-0.6,8
XFOR,2025-10-23,True,False,CONFIRMATION_RANGE_POSITION_REJECTED,2.86,3.62,354786.93333333335,372331.5,False,2025-10-23,2025-10-22,2025-10-26,30,1,1,1,-0.0084249165739711,-0.0072824302134645,-7702.467185761958,-5858.192665571976,True,0.4126984126984126,0.9842105263157896,0.2580645161290324,0.0302932855530175,-0.2099447513812155,2,1.2297734627831716,161.7800156964547,1.2103559870550162,4.900848212264364,30,1,2.0,9.0,100000.0,1500000.0,80000.0,1200000.0,-0.1,-100000.0,1.172897,19.617994,1.158879,3.01405,False,0.9,0.5,-0.6,8
HLLY,2025-11-06,True,False,CONFIRMATION_RANGE_POSITION_REJECTED,2.73,3.25,453879.9,370689.0,False,2025-11-06,2025-11-05,2025-11-09,30,1,1,1,-0.0109365962180201,-0.0093267651888342,5789.783092324806,3155.914066776136,True,0.482758620689655,0.9917127071823204,0.0,0.1092979709433898,-0.16,0,1.326007326007326,22.25650846938699,1.315018315018315,2.43259121598837,30,1,2.0,9.0,100000.0,1500000.0,80000.0,1200000.0,-0.1,-100000.0,1.172897,19.617994,1.158879,3.01405,False,0.9,0.5,-0.6,8
ORGO,2025-11-06,True,True,IMPULSE_CONFIRMED,3.88,4.29,784916.5666666667,532758.5,False,2025-11-06,2025-11-05,2025-11-09,30,1,1,1,-0.0047675194660733,-0.0028845101258895,-493.04271412680754,12000.529830322934,True,0.5289256198347105,1.1616341030195385,0.9325842696629216,0.131059184933714,-0.0955710955710955,0,1.4473007712082262,54.81264011265473,1.6812339331619537,7.18369993722953,30,1,2.0,9.0,100000.0,1500000.0,80000.0,1200000.0,-0.1,-100000.0,1.172897,19.617994,1.158879,3.01405,False,0.9,0.5,-0.6,8
IDN,2025-11-12,True,False,CONFIRMATION_RANGE_POSITION_REJECTED,4.13,5.23,114882.76666666666,85333.5,False,2025-11-12,2025-11-11,2025-11-13,30,1,1,1,-0.0248031145717463,-0.0225478927203064,-2464.631145717464,-1413.4315818281336,True,0.4296296296296295,0.9466019417475728,0.3181818181818175,0.0903692097861284,-0.2103250478011473,0,1.3794642857142856,59.12078331078797,1.3058035714285712,5.342698469732837,30,1,2.0,9.0,100000.0,1500000.0,80000.0,1200000.0,-0.1,-100000.0,1.172897,19.617994,1.158879,3.01405,False,0.9,0.5,-0.6,8
SSP,2025-11-16,True,False,CONFIRMATION_RANGE_POSITION_REJECTED,2.05,3.13,861436.7666666667,599486.5,False,2025-11-16,2025-11-13,2025-11-17,30,1,1,1,0.0187052280311456,0.0178325123152708,36186.88565072302,15492.952380952382,True,0.8415841584158414,1.0233644859813082,0.3695652173913042,0.2235191907403008,-0.1700404858299596,0,1.3986928104575165,21.31533398153486,1.431372549019608,4.764386201911908,30,1,2.0,9.0,100000.0,1500000.0,80000.0,1200000.0,-0.1,-100000.0,1.172897,19.617994,1.158879,3.01405,False,0.9,0.5,-0.6,8
SEMR,2025-11-18,True,False,CONFIRMATION_RANGE_POSITION_REJECTED,6.75,7.83,1332421.066666667,1158024.0,False,2025-11-18,2025-11-17,2025-11-19,30,1,1,1,-0.0074593993325919,-0.0038888888888889,31559.72102335929,27923.56923918993,False,0.0,1.0008503401360545,0.0,0.2076770154032764,-0.1379310344827586,0,1.7396449704142012,29.940387779697765,1.7411242603550297,6.217930374104362,30,1,2.0,9.0,100000.0,1500000.0,80000.0,1200000.0,-0.1,-100000.0,1.172897,19.617994,1.158879,3.01405,False,0.9,0.5,-0.6,8
EB,2025-12-01,True,True,IMPULSE_CONFIRMED,2.2,2.87,552629.6333333333,430889.5,False,2025-12-01,2025-11-30,2025-12-02,30,1,1,1,0.0105650723025585,0.010574712643678,-19.02669632925473,-1436.7482211275317,False,0.4999999999999778,1.002257336343115,1.0,0.1349572342701387,-0.1463414634146341,0,1.786290322580645,89.02466435450931,1.7903225806451617,12.014522483111987,30,1,2.0,9.0,100000.0,1500000.0,80000.0,1200000.0,-0.1,-100000.0,1.172897,19.617994,1.158879,3.01405,False,0.9,0.5,-0.6,8
SNCR,2025-12-03,True,False,CONFIRMATION_RANGE_POSITION_REJECTED,4.06,5.67,127096.0,121908.5,False,2025-12-03,2025-12-02,2025-12-04,30,1,1,1,-0.0175728587319244,-0.0149534756431309,282.891212458287,1111.184455391352,False,0.2380952380952425,0.994259471871412,0.0909090909090894,0.3186655561724967,-0.2839506172839506,1,1.6433962264150943,22.749473684210525,1.6339622641509437,7.2494736842105265,30,1,2.0,9.0,100000.0,1500000.0,80000.0,1200000.0,-0.1,-100000.0,1.172897,19.617994,1.158879,3.01405,False,0.9,0.5,-0.6,8
CETX,2025-12-07,True,False,CONFIRMATION_CLOSE_REJECTED,2.6,5.49,250134.9,94870.0,False,2025-12-07,2025-12-04,2025-12-08,30,1,1,1,-0.0954193548387095,-0.0948987411056375,30763.25406006674,6874.9605911330045,False,0.4547325102880659,0.6368794326241135,0.1694214876033058,0.0725315813933837,-0.5264116575591986,4,2.2964169381107493,33.536523037218835,1.462540716612378,2.432457050325127,30,1,2.0,9.0,100000.0,1500000.0,80000.0,1200000.0,-0.1,-100000.0,1.172897,19.617994,1.158879,3.01405,False,0.9,0.5,-0.6,8
QIPT,2025-12-14,True,True,IMPULSE_CONFIRMED,2.19,2.64,231935.56666666668,165740.5,False,2025-12-14,2025-12-11,2025-12-15,30,1,1,1,0.0013815350389321,0.0033825944170772,-9410.14126807564,-3251.382594417077,False,0.4285714285714267,1.0057142857142858,0.7500000000000028,0.1512508886556755,-0.1704545454545455,0,1.3409961685823757,69.22954331328718,1.3486590038314177,10.471029947361266,30,1,2.0,9.0,100000.0,1500000.0,80000.0,1200000.0,-0.1,-100000.0,1.172897,19.617994,1.158879,3.01405,False,0.9,0.5,-0.6,8
GSIT,2025-12-25,True,False,CONFIRMATION_THRESHOLD_FAILED,5.28,8.36,903852.0,858153.0,False,2025-12-25,2025-12-23,2025-12-28,30,1,1,1,-0.0599777530589546,-0.0511330049261085,-13140.197552836486,-7778.310618500273,True,0.5158371040723982,0.9019607843137256,0.6000000000000002,0.1888846349387986,-0.3684210526315788,4,1.2623762376237626,56.290564417107184,1.1386138613861387,10.63242271042422,30,1,2.0,9.0,100000.0,1500000.0,80000.0,1200000.0,-0.1,-100000.0,1.172897,19.617994,1.158879,3.01405,False,0.9,0.5,-0.6,8
OM,2026-01-11,True,False,CONFIRMATION_RANGE_POSITION_REJECTED,3.29,4.72,483132.6666666667,432032.5,False,2026-01-11,2026-01-08,2026-01-12,30,1,1,1,-0.0171012235817576,-0.0144553913519432,90.65806451612904,3641.4556650246304,False,0.2719999999999999,0.919210053859964,0.0495049504950493,0.051193441079636,-0.3029661016949152,1,1.2214912280701755,51.94182451041684,1.1228070175438598,2.65908073264282,30,1,2.0,9.0,100000.0,1500000.0,80000.0,1200000.0,-0.1,-100000.0,1.172897,19.617994,1.158879,3.01405,False,0.9,0.5,-0.6,8
NEOV,2026-01-15,True,True,IMPULSE_CONFIRMED,2.97,4.15,262766.43333333335,209589.5,False,2026-01-15,2026-01-14,2026-01-19,30,1,1,1,-0.0073503893214684,-0.0033442802408321,7749.247830923248,6189.206622879036,True,0.7007299270072992,0.971677559912854,0.5825242718446604,0.3671113708044717,-0.2843373493975903,0,1.3381924198250728,27.528508805739275,1.3002915451895043,10.106028603877917,30,1,2.0,9.0,100000.0,1500000.0,80000.0,1200000.0,-0.1,-100000.0,1.172897,19.617994,1.158879,3.01405,False,0.9,0.5,-0.6,8
ACRS,2026-01-19,True,True,IMPULSE_CONFIRMED,2.62,3.36,1133362.566666667,1033977.5,False,2026-01-19,2026-01-15,2026-01-20,30,1,1,1,-0.0225339265850944,-0.022454844006568,-31219.407119021136,-40944.63191023536,True,0.7628865979381443,0.9977426636568848,0.5064935064935063,0.1452484963378151,-0.2202380952380952,0,1.6908396946564883,45.60095355194831,1.6870229007633586,6.62346993499104,30,1,2.0,9.0,100000.0,1500000.0,80000.0,1200000.0,-0.1,-100000.0,1.172897,19.617994,1.158879,3.01405,False,0.9,0.5,-0.6,8
STKL,2026-02-05,True,False,CONFIRMATION_RANGE_POSITION_REJECTED,3.61,4.92,920832.1,737819.0,False,2026-02-05,2026-02-04,2026-02-08,30,1,1,1,0.0487452725250278,0.0502517788724686,-8032.289877641824,-3106.137931034483,True,1.0,0.9984375,0.0,0.1164715692239388,-0.0672097759674135,0,1.3250517598343683,73.47280534234183,1.3229813664596273,8.557492933507554,30,1,2.0,9.0,100000.0,1500000.0,80000.0,1200000.0,-0.1,-100000.0,1.172897,19.617994,1.158879,3.01405,False,0.9,0.5,-0.6,8
EWCZ,2026-02-09,True,False,CONFIRMATION_RANGE_POSITION_REJECTED,3.44,4.34,437418.76666666666,402964.5,False,2026-02-09,2026-02-08,2026-02-10,30,1,1,1,0.0106540600667408,0.009767378215654,4542.247163515017,3718.853585112206,False,0.2499999999999944,1.0,0.3333333333333235,0.3632377746058533,-0.1175115207373271,0,1.43,46.0967801562924,1.43,16.74409184046691,30,1,2.0,9.0,100000.0,1500000.0,80000.0,1200000.0,-0.1,-100000.0,1.172897,19.617994,1.158879,3.01405,False,0.9,0.5,-0.6,8
ATOM,2026-02-12,True,True,IMPULSE_CONFIRMED,2.21,3.31,568870.8666666667,463055.0,False,2026-02-12,2026-02-11,2026-02-16,30,1,1,1,0.011452725250278,0.0099014778325123,1520.2923248053394,-1546.7148330596606,True,0.9259259259259262,1.461734693877551,0.7927927927927928,1.2401859174310674,-0.2990936555891239,1,1.6401673640167362,62.56035071687132,2.397489539748954,77.58646594861239,30,1,2.0,9.0,100000.0,1500000.0,80000.0,1200000.0,-0.1,-100000.0,1.172897,19.617994,1.158879,3.01405,False,0.9,0.5,-0.6,8
TLSI,2026-02-19,True,False,CONFIRMATION_RANGE_POSITION_REJECTED,4.52,6.15,116790.9,102656.0,False,2026-02-19,2026-02-18,2026-02-22,30,1,1,1,-0.0541824249165741,-0.0551559934318557,-2257.152169076752,-1675.7359058565955,True,0.9152542372881358,0.9155963302752294,0.050847457627119,0.0,-0.2650406504065041,1,1.1822125813449025,22.49180693536487,1.0824295010845986,0.0,30,1,2.0,9.0,100000.0,1500000.0,80000.0,1200000.0,-0.1,-100000.0,1.172897,19.617994,1.158879,3.01405,False,0.9,0.5,-0.6,8
LRMR,2026-02-23,True,True,IMPULSE_CONFIRMED,2.81,3.69,1101263.1,878333.0,False,2026-02-23,2026-02-22,2026-02-24,30,1,1,1,-0.0125072302558396,-0.0103338806787082,-23144.317908787543,-18211.94471811713,True,0.3043478260869568,1.6124661246612466,0.8303249097472926,1.1486457750326675,-0.2384823848238482,0,1.3131672597864767,77.53572132814402,2.117437722419929,89.06107871768292,30,1,2.0,9.0,100000.0,1500000.0,80000.0,1200000.0,-0.1,-100000.0,1.172897,19.617994,1.158879,3.01405,False,0.9,0.5,-0.6,8
ALTO,2026-03-04,True,True,IMPULSE_CONFIRMED,2.28,2.89,743217.3333333334,691324.5,False,2026-03-04,2026-03-03,2026-03-05,30,1,1,1,-0.0118598442714124,-0.0102408319649697,-14575.62847608454,-12484.56595511768,True,0.8333333333333328,1.092039800995025,0.7254901960784306,0.2061040230324504,-0.2110726643598617,0,1.546153846153846,21.43503817886837,1.6884615384615382,4.417847602518943,30,1,2.0,9.0,100000.0,1500000.0,80000.0,1200000.0,-0.1,-100000.0,1.172897,19.617994,1.158879,3.01405,False,0.9,0.5,-0.6,8
RLMD,2026-03-08,True,False,CONFIRMATION_RANGE_POSITION_REJECTED,3.55,4.84,600712.3333333334,549289.5,False,2026-03-08,2026-03-05,2026-03-09,30,1,1,1,0.031103448275862,0.0297318007662835,-4499.456284760845,-7511.25807334428,True,0.8509316770186335,0.9232914923291492,0.1682242990654203,0.0988288232502264,-0.1341463414634146,1,1.6112359550561797,95.56432341144183,1.4876404494382025,9.444509627456863,30,1,2.0,9.0,100000.0,1500000.0,80000.0,1200000.0,-0.1,-100000.0,1.172897,19.617994,1.158879,3.01405,False,0.9,0.5,-0.6,8
TZOO,2026-04-22,True,True,IMPULSE_CONFIRMED,5.66,7.49,111906.1,103531.0,False,2026-04-22,2026-04-21,2026-04-23,30,1,1,1,0.0285161290322575,0.0248850574712638,-1515.3163515016686,-912.588122605364,False,0.1014492753623192,1.023206751054852,0.592391304347826,0.141366006180359,-0.1278890600924499,0,1.2656875834445929,58.3360504098039,1.2950600801068088,8.246734462770073,30,1,2.0,9.0,100000.0,1500000.0,80000.0,1200000.0,-0.1,-100000.0,1.172897,19.617994,1.158879,3.01405,False,0.9,0.5,-0.6,8
ATOM,2026-04-23,True,False,CONFIRMATION_CLOSE_REJECTED,3.58,6.61,881879.5333333333,842541.0,False,2026-04-23,2026-04-22,2026-04-26,30,1,1,1,0.0571679644048943,0.0524575807334427,7245.987986651835,2696.0905856595514,True,0.6906249999999999,0.8872093023255814,0.1592356687898089,0.1999253631458345,-0.2678936605316973,1,1.3893376413570273,28.646187013541333,1.232633279483037,5.72709934142574,30,1,2.0,9.0,100000.0,1500000.0,80000.0,1200000.0,-0.1,-100000.0,1.172897,19.617994,1.158879,3.01405,False,0.9,0.5,-0.6,8
EDSA,2026-04-26,True,True,IMPULSE_CONFIRMED,5.12,7.78,762482.6666666666,292824.5,False,2026-04-26,2026-04-23,2026-04-27,30,1,1,1,-0.0078620689655173,-0.0089053092501365,-79241.87408231368,-35462.11877394636,True,0.845132743362832,1.2766338406445836,0.7741347905282331,0.4464566951852762,-0.3393316195372751,6,1.5385674931129476,116.7857957490928,1.964187327823692,52.13980041472266,30,1,2.0,9.0,100000.0,1500000.0,80000.0,1200000.0,-0.1,-100000.0,1.172897,19.617994,1.158879,3.01405,False,0.9,0.5,-0.6,8
SGMT,2026-04-26,True,True,IMPULSE_CONFIRMED,4.55,6.47,378146.8333333333,370961.0,False,2026-04-26,2026-04-23,2026-04-27,30,1,1,1,0.0504605116796438,0.0501860974274763,-346.893659621802,217.5623973727422,True,0.4394618834080716,1.0775862068965518,0.5652173913043474,0.1064898850334596,-0.126679462571977,1,1.3856655290102389,195.5541321445428,1.493174061433447,20.82453704989033,30,1,2.0,9.0,100000.0,1500000.0,80000.0,1200000.0,-0.1,-100000.0,1.172897,19.617994,1.158879,3.01405,False,0.9,0.5,-0.6,8
AURA,2026-05-04,True,False,CONFIRMATION_RANGE_POSITION_REJECTED,6.2,7.49,295583.56666666665,294519.5,False,2026-05-04,2026-04-30,2026-05-05,30,1,1,1,0.0300845383759732,0.029272030651341,-2337.5997775305896,-1181.4592227695675,True,0.4234234234234242,0.9314606741573032,0.2023809523809519,0.1875425979259146,-0.1014686248331108,0,1.269614835948645,28.56031083050024,1.1825962910128387,5.356274890723652,30,1,2.0,9.0,100000.0,1500000.0,80000.0,1200000.0,-0.1,-100000.0,1.172897,19.617994,1.158879,3.01405,False,0.9,0.5,-0.6,8
BLZE,2026-05-04,True,False,CONFIRMATION_RANGE_POSITION_REJECTED,3.31,4.45,483811.1666666667,485994.5,False,2026-05-04,2026-04-30,2026-05-05,30,1,1,1,0.0321401557285872,0.0313382594417075,-4705.262958843159,-5492.266283524904,True,0.3615384615384614,0.9749670619235836,0.3770491803278689,0.143106965875609,-0.0956284153005464,0,1.7056179775280895,103.5590085668392,1.6629213483146068,14.82001550508656,30,1,2.0,9.0,100000.0,1500000.0,80000.0,1200000.0,-0.1,-100000.0,1.172897,19.617994,1.158879,3.01405,False,0.9,0.5,-0.6,8
GBTG,2026-05-04,True,True,IMPULSE_CONFIRMED,5.26,6.2,1191484.8,1120295.5,False,2026-05-04,2026-04-30,2026-05-05,30,1,1,1,0.0205183537263623,0.0196852764094145,-24316.01557285873,-17629.509304871375,True,0.8000000000000036,0.9947257383966244,0.6999999999999929,0.4700149838993175,-0.0806451612903226,0,1.5986509274873526,21.493134729170627,1.5902192242833053,10.102095373676995,30,1,2.0,9.0,100000.0,1500000.0,80000.0,1200000.0,-0.1,-100000.0,1.172897,19.617994,1.158879,3.01405,False,0.9,0.5,-0.6,8
EVC,2026-05-05,True,False,CONFIRMATION_RANGE_POSITION_REJECTED,2.97,3.98,278230.9666666667,241153.0,False,2026-05-05,2026-05-04,2026-05-06,30,1,1,1,0.0346407119021136,0.034887794198139,3479.0618464961067,1101.9069512862616,True,0.666666666666667,0.9037711313394018,0.2790697674418607,0.1430055673617619,-0.0511182108626196,0,1.9321608040201008,62.30958930374453,1.7462311557788943,8.910618170460362,30,1,2.0,9.0,100000.0,1500000.0,80000.0,1200000.0,-0.1,-100000.0,1.172897,19.617994,1.158879,3.01405,False,0.9,0.5,-0.6,8
